{
    "reportingStream": "m2post",
    "assetClass" : "csheq",
    "name": "m2p0st_csheq_eligibility_check",
    "type": "Sequential",
    "description": "Pre Eligibility Non Reportability Rules Graph for Mifid2 Post Trade Cash Eq Assset Class",
    "rules": [
        { "ruleName": "m2post_all_pre_mifid_rule" },        
        { "ruleName": "m2post_all_allocation_status_exclude" },
        { "ruleName": "m2p0st_csheq_bargain_c0nditi0n_exempt_rule" },
        { "ruleName": "m2p0st_csheq_single_bargain_c0nditi0n_nr_rule" }
    ]
}