{
    "id": "5943c808aac2c7ceceb04ec4",
    "reportingStream": "m2post",
    "assetClass" : "csheq",
    "name": "m2p0st_csheq_pre_eligibility",
    "type": "Sequential",
    "description": "Rule graph for Mifid2 Post Transparency Reporting cash equity Pre Eligibility rules",
    "rules": [
        { "ruleName": "m2p0st_csheq_market_destinati0n_rule" } ,
        { "ruleName": "m2p0st_csheq_bargain_c0nditi0n_exempt_rule" },
		{ "ruleName": "m2p0st_csheq_single_bargain_c0nditi0n_nr_rule" }
	]       
}