<?xml version="1.0" encoding="UTF-8"?>

<!DOCTYPE client-cache PUBLIC
    "-//GemStone Systems, Inc.//GemFire Declarative Caching 6.5//EN" 
    "http://www.gemstone.com/dtd/cache6_5.dtd">

<!-- -########################################################################## 
	- $File$ - $Revision$ - $Change$ - $DateTime$ - $Author$ -########################################################################## 
	- - The GemFire Client Cache configuration for the Reference Data Loader 
	client application. - - Author Geetha Konduru (gk11597) - Date 2011/02/15 -->

<client-cache>

	<!-- - Defines the Client Cache Pool for managing connections to server 
		caches. -->
	<pool name="clientPool" read-timeout="120000">
		<!-- <server host="oceanap02d.nam.nsroot.net" port="23901" /> -->
		<server host="fxodwap06u-phys.nam.nsroot.net" port="31901" />
	</pool>

	<!-- - Defines a Region Attributes shortcut for the 'normal' usage of this 
		client cache, i.e. PROXY. -->
	<region-attributes id="NORMAL" refid="PROXY"
		pool-name="clientPool" />

	<!-- Region: /ocean -->
	<region name="ocean" refid="NORMAL">

		<!-- Region: /ocean/reference -->
		<region name="reference" refid="NORMAL">

			<!-- Region: /ocean/reference/product -->
			<region name="product" refid="NORMAL">
				<region name="oceanproduct">
					<region-attributes refid="NORMAL">
						<key-constraint>java.lang.Long</key-constraint>
						<value-constraint>com.citi.ocean.dataobject.product.OceanProductSummary</value-constraint>
					</region-attributes>
				</region>

				<!-- Region: /ocean/reference/product/tckr -->
				<region name="tckr">
					<region-attributes refid="NORMAL">
						<key-constraint>java.lang.String</key-constraint>
						<value-constraint>com.citi.ocean.dataobject.product.OceanProductInfo</value-constraint>
					</region-attributes>
				</region>

				<!-- Region: /ocean/reference/product/fii -->
				<region name="fii">
					<region-attributes refid="NORMAL">
						<key-constraint>java.lang.Long</key-constraint>
						<value-constraint>com.citi.ocean.dataobject.product.OceanProductInfo</value-constraint>
					</region-attributes>
				</region>

				<!-- Region: /ocean/reference/product/cusip -->
				<region name="cusip">
					<region-attributes refid="NORMAL">
						<key-constraint>java.lang.String</key-constraint>
						<value-constraint>com.citi.ocean.dataobject.product.OceanProductInfo</value-constraint>
					</region-attributes>
				</region>

				<!-- Region: /ocean/reference/product/reut -->
				<region name="reut">
					<region-attributes refid="NORMAL">
						<key-constraint>java.lang.String</key-constraint>
						<value-constraint>com.citi.ocean.dataobject.product.OceanProductInfo</value-constraint>
					</region-attributes>
				</region>

				<!-- Region: /ocean/reference/product/smcp -->
				<region name="smcp">
					<region-attributes refid="NORMAL">
						<key-constraint>java.lang.String</key-constraint>
						<value-constraint>com.citi.ocean.dataobject.product.OceanProductInfo</value-constraint>
					</region-attributes>
				</region>

				<!-- Region: /ocean/reference/product/optionsmcp -->
				<region name="optionsmcp">
					<region-attributes refid="NORMAL">
						<key-constraint>java.lang.String</key-constraint>
						<value-constraint>com.citi.ocean.dataobject.product.OceanProductInfo</value-constraint>
					</region-attributes>
				</region>

				<!-- Region: /ocean/reference/product/tkrs -->
				<region name="tkrs">
					<region-attributes refid="NORMAL">
						<key-constraint>java.lang.String</key-constraint>
						<value-constraint>com.citi.ocean.dataobject.product.OceanProductInfo</value-constraint>
					</region-attributes>
				</region>

				<!-- Region: /ocean/reference/product/tpscash -->
				<region name="tpscash">
					<region-attributes refid="NORMAL">
						<key-constraint>java.lang.String</key-constraint>
						<value-constraint>com.citi.ocean.dataobject.product.FixedIncomeProductInfo</value-constraint>
					</region-attributes>
				</region>
				<!-- Region: /ocean/reference/product/isin -->
				<region name="isin">
					<region-attributes refid="NORMAL">
						<key-constraint>java.lang.String</key-constraint>
						<value-constraint>com.citi.ocean.dataobject.product.IsinOceanProductInfo</value-constraint>
					</region-attributes>
				</region>
			</region>

			<!-- Region: /ocean/reference/account -->
			<region name="account" refid="NORMAL">

				<!-- Region: /ocean/reference/account/account_mnemonic -->
				<region name="account_mnemonic">
					<region-attributes refid="NORMAL">
						<key-constraint>java.lang.String</key-constraint>
						<value-constraint>com.citi.ocean.dataobject.account.OceanAccountInfo</value-constraint>
					</region-attributes>
				</region>

				<!-- Region: /ocean/reference/account/acti -->
				<region name="acti">
					<region-attributes refid="NORMAL">
						<key-constraint>java.lang.Integer</key-constraint>
						<value-constraint>com.citi.ocean.dataobject.account.OceanAccountInfo</value-constraint>
					</region-attributes>
				</region>

				<region name="oceanaccount">
					<region-attributes refid="NORMAL">
						<key-constraint>java.lang.Long</key-constraint>
						<value-constraint>com.citi.ocean.dataobject.account.OceanAccountSummary</value-constraint>
					</region-attributes>
				</region>

				<!-- Region: /ocean/reference/account/cpii -->
				<region name="cpii">
					<region-attributes refid="NORMAL">
						<key-constraint>java.lang.String</key-constraint>
						<value-constraint>com.citi.ocean.dataobject.account.OceanAccountInfo</value-constraint>
					</region-attributes>
				</region>

				<!-- Region: /ocean/reference/account/gp -->
				<region name="gp">
					<region-attributes refid="NORMAL">
						<key-constraint>java.lang.String</key-constraint>
						<value-constraint>com.citi.ocean.dataobject.account.OceanAccountInfo</value-constraint>
					</region-attributes>
				</region>

				<!-- Region: /ocean/reference/account/slang -->
				<region name="slang">
					<region-attributes refid="NORMAL">
						<key-constraint>java.lang.String</key-constraint>
						<value-constraint>com.citi.ocean.dataobject.account.OceanAccountInfo</value-constraint>
					</region-attributes>
				</region>

				<!-- Region: /ocean/reference/account/corphrchy -->
				<region name="corphrchy">
					<region-attributes refid="NORMAL">
						<key-constraint>java.lang.String</key-constraint>
						<value-constraint>com.citi.ocean.dataobject.account.CorporateHierarchy</value-constraint>
					</region-attributes>
				</region>

				<!-- Region: /ocean/reference/account/pearlhrchy -->
				<region name="pearlhrchy">
					<region-attributes refid="NORMAL">
						<key-constraint>java.lang.String</key-constraint>
						<value-constraint>com.citi.ocean.dataobject.account.PearlHierarchy</value-constraint>
					</region-attributes>
				</region>

				<!-- Region: /ocean/reference/account/dsmthrchy -->
				<region name="dsmthrchy">
					<region-attributes refid="NORMAL">
						<key-constraint>java.lang.String</key-constraint>
						<value-constraint>com.citi.ocean.dataobject.account.DsmtHierarchy</value-constraint>
					</region-attributes>
				</region>
			</region>
			
			<!-- Region: /ocean/reference/country -->
			<region name="country">
				<region-attributes refid="NORMAL">
					<key-constraint>java.lang.String</key-constraint>
					<value-constraint>java.lang.Long</value-constraint>
				</region-attributes>
			</region>

			<!-- Region: /ocean/reference/currency -->
			<region name="currency">
				<region-attributes refid="NORMAL">
					<key-constraint>java.lang.String</key-constraint>
					<value-constraint>java.lang.Long</value-constraint>
				</region-attributes>
			</region>

			<!-- Region: /ocean/reference/linkType -->
			<region name="linkType">
				<region-attributes refid="NORMAL">
					<key-constraint>java.lang.String</key-constraint>
					<value-constraint>java.lang.Long</value-constraint>
				</region-attributes>
			</region>

			<!-- Region: /ocean/reference/dwFeedType -->
			<region name="dwFeedType">
				<region-attributes refid="NORMAL">
					<key-constraint>java.lang.String</key-constraint>
					<value-constraint>java.lang.Long</value-constraint>
				</region-attributes>
			</region>

			<!-- Region: /ocean/reference/qas_firm_code -->
			<region name="qas_firm_code">
				<region-attributes refid="NORMAL">
					<key-constraint>java.lang.String</key-constraint>
					<value-constraint>com.citi.ocean.dataobject.FirmCode</value-constraint>
				</region-attributes>
			</region>

			<!-- Region: /ocean/reference/qas_acct_info -->
			<region name="qas_acct_info">
				<region-attributes refid="NORMAL">
					<key-constraint>java.lang.String</key-constraint>
					<value-constraint>java.lang.Long</value-constraint>
				</region-attributes>
			</region>

			<!-- Region: /ocean/reference/trader -->
			<region name="trader">
				<region-attributes refid="NORMAL">
					<key-constraint>java.lang.String</key-constraint>
					<value-constraint>com.citi.ocean.dataobject.Trader</value-constraint>
				</region-attributes>
			</region>

			<!-- Region: /ocean/reference/employee -->
			<region name="employee">
				<region-attributes refid="NORMAL">
					<key-constraint>java.lang.String</key-constraint>
					<value-constraint>com.citi.ocean.dataobject.Employee</value-constraint>
				</region-attributes>
			</region>

			<!-- Region: /ocean/reference/gfcid -->
			<region name="gfcid">
				<region-attributes refid="NORMAL">
					<key-constraint>java.lang.String</key-constraint>
					<value-constraint>java.lang.String</value-constraint>
				</region-attributes>
			</region>
		</region>

		<!-- Region: /ocean/transaction -->
		<region name="transaction" refid="NORMAL">

			<!-- Region: /ocean/transaction/servercache_status -->
			<region name="servercache_status" refid="NORMAL" />
		</region>
	</region>

</client-cache>

<!-- EOF -->
