<reports>
	<report id="export-transactions">
		<format from="POJO" to="XLS" />
		<!-- JXLS template file name, mapping POJO attributes to XLS cells, this 
			template file must be on application class path -->
		<templateFileName>Transactions_Export_Template.xlsx</templateFileName>
	</report>
	<report id="export_transactions_csv">
		<format from="POJO" to="DELIMIT" />
		<!-- Flatworm mapping file name, mapping POJO attributes to Fixed file 
			column, this mapping file must be on application class path -->
		<mappingFileName>Transaction_CSV_Export_Template.xml</mappingFileName>
	</report>
</reports>