<?xml version="1.0" encoding="ISO-8859-1"?>
<!-- <!DOCTYPE file-format SYSTEM "src/main/resources/dtds/flatworm-data-description_1_0.dtd"> -->
<file-format>

	<converter name="string"
		class="com.citi.reghub.core.flatworm.convertor.CustomCoreConvertor" method="convertChar"
		return-type="java.lang.String" />
	<converter name="date"
		class="com.citi.reghub.core.flatworm.convertor.CustomCoreConvertor" method="convertDate"
		return-type="java.lang.Date" />
	<converter name="bigDecimal"
		class="com.citi.cmot.armada.transformer.fixed.width.CustomCoreConverters"
		method="convertBigDecimal" return-type="java.lang.String" />

	<record name="file-header">
		<record-definition>
			<bean name="header"
				class="com.citi.reghub.core.dto.Header" />
			<line delimit=",">
				<record-element length="0" beanref="header.field1" type="string">
					<conversion-option name="justify" value="left" />
				</record-element>
				<record-element length="0" beanref="header.field2" type="string">
					<conversion-option name="justify" value="left" />
				</record-element>
				<record-element length="0" beanref="header.field3" type="string">
					<conversion-option name="justify" value="left" />
				</record-element>
				<record-element length="0" beanref="header.field4" type="string">
					<conversion-option name="justify" value="left" />
				</record-element>
				<record-element length="0" beanref="header.field5" type="string">
					<conversion-option name="justify" value="left" />
				</record-element>
				<record-element length="0" beanref="header.field6" type="string">
					<conversion-option name="justify" value="left" />
				</record-element>
				<record-element length="0" beanref="header.field7" type="string">
					<conversion-option name="justify" value="left" />
				</record-element>
				<record-element length="0" beanref="header.field8" type="string">
					<conversion-option name="justify" value="left" />
				</record-element>
				<record-element length="0" beanref="header.field9" type="string">
					<conversion-option name="justify" value="left" />
				</record-element>
				<record-element length="0" beanref="header.field10" type="string">
					<conversion-option name="justify" value="left" />
				</record-element>
				<record-element length="0" beanref="header.field11" type="string">
					<conversion-option name="justify" value="left" />
				</record-element>
				<record-element length="0" beanref="header.field12" type="string">
					<conversion-option name="justify" value="left" />
				</record-element>
				<record-element length="0" beanref="header.field13" type="string">
					<conversion-option name="justify" value="left" />
				</record-element>
				<record-element length="0" beanref="header.field14" type="string">
					<conversion-option name="justify" value="left" />
				</record-element>
				<record-element length="0" beanref="header.field15" type="string">
					<conversion-option name="justify" value="left" />
				</record-element>
				<record-element length="0" beanref="header.field16" type="string">
					<conversion-option name="justify" value="left" />
				</record-element>
				<record-element length="0" beanref="header.field17" type="string">
					<conversion-option name="justify" value="left" />
				</record-element>
				<record-element length="0" beanref="header.field18" type="string">
					<conversion-option name="justify" value="left" />
				</record-element>
				<record-element length="0" beanref="header.field19" type="string">
					<conversion-option name="justify" value="left" />
				</record-element>
				<record-element length="0" beanref="header.field20" type="string">
					<conversion-option name="justify" value="left" />
				</record-element>
				<record-element length="0" beanref="header.field21" type="string">
					<conversion-option name="justify" value="left" />
				</record-element>
				<record-element length="0" beanref="header.field22" type="string">
					<conversion-option name="justify" value="left" />
				</record-element>
				<record-element length="0" beanref="header.field23" type="string">
					<conversion-option name="justify" value="left" />
				</record-element>
				<record-element length="0" beanref="header.field24" type="string">
					<conversion-option name="justify" value="left" />
				</record-element>
				<record-element length="0" beanref="header.field25" type="string">
					<conversion-option name="justify" value="left" />
				</record-element>
				<record-element length="0" beanref="header.field26" type="string">
					<conversion-option name="justify" value="left" />
				</record-element>
				<record-element length="0" beanref="header.field27" type="string">
					<conversion-option name="justify" value="left" />
				</record-element>
				<record-element length="0" beanref="header.field28" type="string">
					<conversion-option name="justify" value="left" />
				</record-element>
				<record-element length="0" beanref="header.field29" type="string">
					<conversion-option name="justify" value="left" />
				</record-element>
				<record-element length="0" beanref="header.field30" type="string">
					<conversion-option name="justify" value="left" />
				</record-element>
				<record-element length="0" beanref="header.field31" type="string">
					<conversion-option name="justify" value="left" />
				</record-element>
				<record-element length="0" beanref="header.field32" type="string">
					<conversion-option name="justify" value="left" />
				</record-element>
				<record-element length="0" beanref="header.field33" type="string">
					<conversion-option name="justify" value="left" />
				</record-element>
				<record-element length="0" beanref="header.field34" type="string">
					<conversion-option name="justify" value="left" />
				</record-element>
				<record-element length="0" beanref="header.field35" type="string">
					<conversion-option name="justify" value="left" />
				</record-element>
				<record-element length="0" beanref="header.field36" type="string">
					<conversion-option name="justify" value="left" />
				</record-element>
				<record-element length="0" beanref="header.field37" type="string">
					<conversion-option name="justify" value="left" />
				</record-element>
				<record-element length="0" beanref="header.field38" type="string">
					<conversion-option name="justify" value="left" />
				</record-element>
				<record-element length="0" beanref="header.field39" type="string">
					<conversion-option name="justify" value="left" />
				</record-element>
				<record-element length="0" beanref="header.field40" type="string">
					<conversion-option name="justify" value="left" />
				</record-element>
				<record-element length="0" beanref="header.field41" type="string">
					<conversion-option name="justify" value="left" />
				</record-element>
				<record-element length="0" beanref="header.field42" type="string">
					<conversion-option name="justify" value="left" />
				</record-element>
				<record-element length="0" beanref="header.field43" type="string">
					<conversion-option name="justify" value="left" />
				</record-element>
				<record-element length="0" beanref="header.field44" type="string">
					<conversion-option name="justify" value="left" />
				</record-element>
				<record-element length="0" beanref="header.field45" type="string">
					<conversion-option name="justify" value="left" />
				</record-element>
				<record-element length="0" beanref="header.field46" type="string">
					<conversion-option name="justify" value="left" />
				</record-element>
				<record-element length="0" beanref="header.field47" type="string">
					<conversion-option name="justify" value="left" />
				</record-element>
				<record-element length="0" beanref="header.field48" type="string">
					<conversion-option name="justify" value="left" />
				</record-element>
				<record-element length="0" beanref="header.field49" type="string">
					<conversion-option name="justify" value="left" />
				</record-element>
				<record-element length="0" beanref="header.field50" type="string">
					<conversion-option name="justify" value="left" />
				</record-element>
				<record-element length="0" beanref="header.field51" type="string">
					<conversion-option name="justify" value="left" />
				</record-element>
				<record-element length="0" beanref="header.field52" type="string">
					<conversion-option name="justify" value="left" />
				</record-element>
				<record-element length="0" beanref="header.field53" type="string">
					<conversion-option name="justify" value="left" />
				</record-element>
				<record-element length="0" beanref="header.field54" type="string">
					<conversion-option name="justify" value="left" />
				</record-element>
				<record-element length="0" beanref="header.field55" type="string">
					<conversion-option name="justify" value="left" />
				</record-element>
				<record-element length="0" beanref="header.field56" type="string">
					<conversion-option name="justify" value="left" />
				</record-element>
				<record-element length="0" beanref="header.field57" type="string">
					<conversion-option name="justify" value="left" />
				</record-element>
				<record-element length="0" beanref="header.field58" type="string">
					<conversion-option name="justify" value="left" />
				</record-element>
				<record-element length="0" beanref="header.field59" type="string">
					<conversion-option name="justify" value="left" />
				</record-element>
				<record-element length="0" beanref="header.field60" type="string">
					<conversion-option name="justify" value="left" />
				</record-element>
				<record-element length="0" beanref="header.field61" type="string">
					<conversion-option name="justify" value="left" />
				</record-element>
				<record-element length="0" beanref="header.field62" type="string">
					<conversion-option name="justify" value="left" />
				</record-element>
				<record-element length="0" beanref="header.field63" type="string">
					<conversion-option name="justify" value="left" />
				</record-element>
				<record-element length="0" beanref="header.field64" type="string">
					<conversion-option name="justify" value="left" />
				</record-element>
				<record-element length="0" beanref="header.field65" type="string">
					<conversion-option name="justify" value="left" />
				</record-element>
				<record-element length="0" beanref="header.field66" type="string">
					<conversion-option name="justify" value="left" />
				</record-element>
				<record-element length="0" beanref="header.field67" type="string">
					<conversion-option name="justify" value="left" />
				</record-element>
				<record-element length="0" beanref="header.field68" type="string">
					<conversion-option name="justify" value="left" />
				</record-element>
				<record-element length="0" beanref="header.field69" type="string">
					<conversion-option name="justify" value="left" />
				</record-element>
				<record-element length="0" beanref="header.field70" type="string">
					<conversion-option name="justify" value="left" />
				</record-element>
				<record-element length="0" beanref="header.field71" type="string">
					<conversion-option name="justify" value="left" />
				</record-element>
				<record-element length="0" beanref="header.field72" type="string">
					<conversion-option name="justify" value="left" />
				</record-element>
				<record-element length="0" beanref="header.field73" type="string">
					<conversion-option name="justify" value="left" />
				</record-element>
				<record-element length="0" beanref="header.field74" type="string">
					<conversion-option name="justify" value="left" />
				</record-element>
				<record-element length="0" beanref="header.field75" type="string">
					<conversion-option name="justify" value="left" />
				</record-element>
				<record-element length="0" beanref="header.field76" type="string">
					<conversion-option name="justify" value="left" />
				</record-element>
				<record-element length="0" beanref="header.field77" type="string">
					<conversion-option name="justify" value="left" />
				</record-element>
				<record-element length="0" beanref="header.field78" type="string">
					<conversion-option name="justify" value="left" />
				</record-element>
				<record-element length="0" beanref="header.field79" type="string">
					<conversion-option name="justify" value="left" />
				</record-element>
				<record-element length="0" beanref="header.field80" type="string">
					<conversion-option name="justify" value="left" />
				</record-element>
				<record-element length="0" beanref="header.field81" type="string">
					<conversion-option name="justify" value="left" />
				</record-element>
				<record-element length="0" beanref="header.field82" type="string">
					<conversion-option name="justify" value="left" />
				</record-element>
				<record-element length="0" beanref="header.field83" type="string">
					<conversion-option name="justify" value="left" />
				</record-element>
				<record-element length="0" beanref="header.field84" type="string">
					<conversion-option name="justify" value="left" />
				</record-element>
				<record-element length="0" beanref="header.field85" type="string">
					<conversion-option name="justify" value="left" />
				</record-element>
				<record-element length="0" beanref="header.field86" type="string">
					<conversion-option name="justify" value="left" />
				</record-element>
				<record-element length="0" beanref="header.field87" type="string">
					<conversion-option name="justify" value="left" />
				</record-element>
				<record-element length="0" beanref="header.field88" type="string">
					<conversion-option name="justify" value="left" />
				</record-element>
				<record-element length="0" beanref="header.field89" type="string">
					<conversion-option name="justify" value="left" />
				</record-element>
			</line>
		</record-definition>
	</record>

	<record name="transaction-record">
		<record-definition>
			<bean name="transaction"
				class="com.citi.reghub.core.entities.Entity" />
			<line delimit=",">
				<record-element length="0" beanref="transaction.sourceStatus"
					type="string">
					<conversion-option name="justify" value="left" />
				</record-element>
				<record-element length="0" beanref="transaction.regReportingRef"
					type="string">
					<conversion-option name="justify" value="left" />
				</record-element>
				<record-element length="0" beanref="transaction.sourceId"
					type="string">
					<conversion-option name="justify" value="left" />
				</record-element>
				<record-element length="0" beanref="transaction.sourceUId"
					type="string">
					<conversion-option name="justify" value="left" />
				</record-element>
				<record-element length="0" beanref="transaction.info.tradeExecType"
					type="string">
					<conversion-option name="justify" value="left" />
				</record-element>
				<record-element length="0" beanref="transaction.info.invFirmCovDir"
					type="string">
					<conversion-option name="justify" value="left" />
				</record-element>
				<record-element length="0" beanref="transaction.info.tradeExecTs"
					type="date">
					<conversion-option name="justify" value="left" />
				</record-element>
				<record-element length="0" beanref="transaction.info.tradeCapacity"
					type="string">
					<conversion-option name="justify" value="left" />
				</record-element>
				<record-element length="0" beanref="transaction.info.tradeQty"
					type="string">
					<conversion-option name="justify" value="left" />
				</record-element>
				<record-element length="0" beanref="transaction.info.tradePrice"
					type="string">
					<conversion-option name="justify" value="left" />
				</record-element>
				<record-element length="0" beanref="transaction.info.tradePriceCcy"
					type="string">
					<conversion-option name="justify" value="left" />
				</record-element>
				<record-element length="0" beanref="transaction.info.priceCcy"
					type="string">
					<conversion-option name="justify" value="left" />
				</record-element>
				<record-element length="0" beanref="transaction.info.origSrcSys"
					type="string">
					<conversion-option name="justify" value="left" />
				</record-element>
				<record-element length="0" beanref="transaction.info.firmAcctId"
					type="string">
					<conversion-option name="justify" value="left" />
				</record-element>
				<record-element length="0" beanref="transaction.info.firmAcctIdType"
					type="string">
					<conversion-option name="justify" value="left" />
				</record-element>
				<record-element length="0" beanref="transaction.info.cptyAcctId"
					type="string">
					<conversion-option name="justify" value="left" />
				</record-element>
				<record-element length="0" beanref="transaction.info.cptyAcctIdType"
					type="string">
					<conversion-option name="justify" value="left" />
				</record-element>
				<record-element length="0" beanref="transaction.info.sourceFirmCode"
					type="string">
					<conversion-option name="justify" value="left" />
				</record-element>
				<record-element length="0" beanref="transaction.info.securityId}"
					type="string">
					<conversion-option name="justify" value="left" />
				</record-element>
				<record-element length="0" beanref="transaction.info.securityIdType"
					type="string">
					<conversion-option name="justify" value="left" />
				</record-element>
				<record-element length="0" beanref="transaction.info.traderId"
					type="string">
					<conversion-option name="justify" value="left" />
				</record-element>
				<record-element length="0" beanref="transaction.info.firmExecution"
					type="string">
					<conversion-option name="justify" value="left" />
				</record-element>
				<record-element length="0" beanref="transaction.info.buySellInd"
					type="string">
					<conversion-option name="justify" value="left" />
				</record-element>
				<record-element length="0" beanref="transaction.sourceSystem"
					type="string">
					<conversion-option name="justify" value="left" />
				</record-element>
				<record-element length="0" beanref="transaction.info.executionVenue"
					type="string">
					<conversion-option name="justify" value="left" />
				</record-element>
				<record-element length="0"
					beanref="transaction.info.tradingVenueIdCode" type="string">
					<conversion-option name="justify" value="left" />
				</record-element>
				<record-element length="0"
					beanref="transaction.info.buyerBranchCountry" type="string">
					<conversion-option name="justify" value="left" />
				</record-element>
				<record-element length="0"
					beanref="transaction.info.sellerBranchCountry" type="string">
					<conversion-option name="justify" value="left" />
				</record-element>
				<record-element length="0"
					beanref="transaction.info.membershipBranchCountry" type="string">
					<conversion-option name="justify" value="left" />
				</record-element>
				<record-element length="0" beanref="transaction.info.notionalCcy1"
					type="string">
					<conversion-option name="justify" value="left" />
				</record-element>
				<record-element length="0" beanref="transaction.info.instrumentId"
					type="string">
					<conversion-option name="justify" value="left" />
				</record-element>
				<record-element length="0"
					beanref="transaction.info.instrumentFullName" type="string">
					<conversion-option name="justify" value="left" />
				</record-element>
				<record-element length="0" beanref="transaction.info.notionalCcy2"
					type="string">
					<conversion-option name="justify" value="left" />
				</record-element>
				<record-element length="0"
					beanref="transaction.info.securityFinTxnInd" type="string">
					<conversion-option name="justify" value="left" />
				</record-element>
				<record-element length="0" beanref="transaction.info.execLei"
					type="string">
					<conversion-option name="justify" value="left" />
				</record-element>
				<record-element length="0" beanref="transaction.info.submittingLei"
					type="string">
					<conversion-option name="justify" value="left" />
				</record-element>
				<record-element length="0" beanref="transaction.info.buyerLei"
					type="string">
					<conversion-option name="justify" value="left" />
				</record-element>
				<record-element length="0"
					beanref="transaction.info.buyerDecisionMakerCode" type="string">
					<conversion-option name="justify" value="left" />
				</record-element>
				<record-element length="0" beanref="transaction.info.sellerLei"
					type="string">
					<conversion-option name="justify" value="left" />
				</record-element>
				<record-element length="0"
					beanref="transaction.info.sellerDecisionMakerCode" type="string">
					<conversion-option name="justify" value="left" />
				</record-element>
				<record-element length="0"
					beanref="transaction.info.derivativeNotionalVariation" type="string">
					<conversion-option name="justify" value="left" />
				</record-element>
				<record-element length="0" beanref="transaction.info.netAmount"
					type="string">
					<conversion-option name="justify" value="left" />
				</record-element>
				<record-element length="0" beanref="transaction.info.upFrontPayment"
					type="string">
					<conversion-option name="justify" value="left" />
				</record-element>
				<record-element length="0"
					beanref="transaction.info.UpFrontPaymentCcy" type="string">
					<conversion-option name="justify" value="left" />
				</record-element>
				<record-element length="0"
					beanref="transaction.info.complexTradeComponentId" type="string">
					<conversion-option name="justify" value="left" />
				</record-element>
				<record-element length="0" beanref="transaction.info.priceMultiplier"
					type="string">
					<conversion-option name="justify" value="left" />
				</record-element>
				<record-element length="0"
					beanref="transaction.info.underlyingInstrument" type="string">
					<conversion-option name="justify" value="left" />
				</record-element>
				<record-element length="0" beanref="transaction.info.underlyingIndex"
					type="string">
					<conversion-option name="justify" value="left" />
				</record-element>
				<record-element length="0"
					beanref="transaction.info.termUnderlyingIndex" type="string">
					<conversion-option name="justify" value="left" />
				</record-element>
				<record-element length="0" beanref="transaction.info.optionType"
					type="string">
					<conversion-option name="justify" value="left" />
				</record-element>
				<record-element length="0" beanref="transaction.info.strikePrice"
					type="string">
					<conversion-option name="justify" value="left" />
				</record-element>
				<record-element length="0" beanref="transaction.info.strikePriceCcy"
					type="string">
					<conversion-option name="justify" value="left" />
				</record-element>
				<record-element length="0"
					beanref="transaction.info.optionExerciseStyle" type="string">
					<conversion-option name="justify" value="left" />
				</record-element>
				<record-element length="0" beanref="transaction.info.maturityDate"
					type="string">
					<conversion-option name="justify" value="left" />
				</record-element>
				<record-element length="0" beanref="transaction.info.expiryDate"
					type="string">
					<conversion-option name="justify" value="left" />
				</record-element>
				<record-element length="0" beanref="transaction.info.deliveryType"
					type="string">
					<conversion-option name="justify" value="left" />
				</record-element>
				<record-element length="0" beanref="transaction.info.waiverInd"
					type="string">
					<conversion-option name="justify" value="left" />
				</record-element>
				<record-element length="0" beanref="transaction.info.otcPostTradeInd"
					type="string">
					<conversion-option name="justify" value="left" />
				</record-element>
				<record-element length="0"
					beanref="transaction.info.commodityDerivativeInd" type="string">
					<conversion-option name="justify" value="left" />
				</record-element>
				<record-element length="0"
					beanref="transaction.info.firmInvestmentDecision" type="string">
					<conversion-option name="justify" value="left" />
				</record-element>
				<record-element length="0"
					beanref="transaction.info.instrumentClassification" type="string">
					<conversion-option name="justify" value="left" />
				</record-element>
				<record-element length="0" beanref="transaction.info.lifecycleState"
					type="string">
					<conversion-option name="justify" value="left" />
				</record-element>
				<record-element length="0" beanref="transaction.info.actionType"
					type="string">
					<conversion-option name="justify" value="left" />
				</record-element>
				<record-element length="0" beanref="transaction.info.eventType"
					type="string">
					<conversion-option name="justify" value="left" />
				</record-element>
				<record-element length="0" beanref="transaction.info.sourceFirmGfcid"
					type="string">
					<conversion-option name="justify" value="left" />
				</record-element>
				<record-element length="0" beanref="transaction.info.sourceCptyGfcid"
					type="string">
					<conversion-option name="justify" value="left" />
				</record-element>
				<record-element length="0" beanref="transaction.info.calcFloatCapRate"
					type="string">
					<conversion-option name="justify" value="left" />
				</record-element>
				<record-element length="0"
					beanref="transaction.info.calcFloatfloorRate" type="string">
					<conversion-option name="justify" value="left" />
				</record-element>
				<record-element length="0" beanref="transaction.info.settlementType"
					type="string">
					<conversion-option name="justify" value="left" />
				</record-element>
				<record-element length="0" beanref="transaction.info.algoName"
					type="string">
					<conversion-option name="justify" value="left" />
				</record-element>
				<record-element length="0"
					beanref="transaction.info.isBasketConstituent" type="string">
					<conversion-option name="justify" value="left" />
				</record-element>
				<record-element length="0"
					beanref="transaction.info.sourceSecuritySmcp" type="string">
					<conversion-option name="justify" value="left" />
				</record-element>
				<record-element length="0" beanref="transaction.info.notionalAmount1"
					type="string">
					<conversion-option name="justify" value="left" />
				</record-element>
				<record-element length="0" beanref="transaction.info.priceType"
					type="string">
					<conversion-option name="justify" value="left" />
				</record-element>
				<record-element length="0" beanref="transaction.info.strikePriceType"
					type="string">
					<conversion-option name="justify" value="left" />
				</record-element>
				<record-element length="0"
					beanref="transaction.info.internalClientIdentification" type="string">
					<conversion-option name="justify" value="left" />
				</record-element>
				<record-element length="0"
					beanref="transaction.info.securityTypeLevel1" type="string">
					<conversion-option name="justify" value="left" />
				</record-element>
				<record-element length="0"
					beanref="transaction.info.securityTypeLevel2" type="string">
					<conversion-option name="justify" value="left" />
				</record-element>
				<record-element length="0"
					beanref="transaction.info.securityTypeLevel3" type="string">
					<conversion-option name="justify" value="left" />
				</record-element>
				<record-element length="0" beanref="transaction.info.execStatus"
					type="string">
					<conversion-option name="justify" value="left" />
				</record-element>
				<record-element length="0" beanref="transaction.info.ruleGroup"
					type="string">
					<conversion-option name="justify" value="left" />
				</record-element>
				<record-element length="0"
					beanref="transaction.info.shortSellIndicator" type="string">
					<conversion-option name="justify" value="left" />
				</record-element>
				<record-element length="0" beanref="transaction.info.isCorrection"
					type="string">
					<conversion-option name="justify" value="left" />
				</record-element>
				<record-element length="0"
					beanref="transaction.info.underlyingInstrumentClassification" type="string">
					<conversion-option name="justify" value="left" />
				</record-element>
				<record-element length="0"
					beanref="transaction.info.uvIndexClassification" type="string">
					<conversion-option name="justify" value="left" />
				</record-element>
				<record-element length="0" beanref="transaction.info.priorUitid"
					type="string">
					<conversion-option name="justify" value="left" />
				</record-element>
				<record-element length="0"
					beanref="transaction.info.reportingPurpose1" type="string">
					<conversion-option name="justify" value="left" />
				</record-element>
				<record-element length="0"
					beanref="transaction.info.firmPayReceiveInd" type="string">
					<conversion-option name="justify" value="left" />
				</record-element>
				<record-element length="0" beanref="transaction.info.notionalAmount2"
					type="string">
					<conversion-option name="justify" value="left" />
				</record-element>
			</line>
		</record-definition>
	</record>

	<record name="file-trailer">
		<record-definition>
			<!-- <bean name="trailer" class="com.citi.cmot.armada.transformer.fixed.width.test.Footer" 
				/> <line delimit="|"> <record-element length="0" beanref="trailer.field1" 
				type="string"> <conversion-option name="justify" value="left" /> </record-element> 
				<record-element length="0" beanref="trailer.field2" type="string"> <conversion-option 
				name="justify" value="left" /> </record-element> </line> -->
		</record-definition>
	</record>

</file-format>