<?xml version="1.0" encoding="UTF-8"?>

<hazelcast-client
	xsi:schemaLocation="http://www.hazelcast.com/schema/client-config hazelcast-client-config-3.8.xsd"
	xmlns="http://www.hazelcast.com/schema/client-config" xmlns:xsi="http://www.w3.org/2001/XMLSchema-instance">

	<group>
		<name>${hazelcast.group.name}</name>
		<password>${hazelcast.group.password}</password>
	</group>

	<properties>
		<property name="hazelcast.logging.type">${hazelcast.logging.type}</property>
		<property name="hazelcast.client.shuffle.member.list">${hazelcast.client.shuffle.member.list}</property>
        <property name="hazelcast.client.heartbeat.timeout">${hazelcast.client.heartbeat.timeout}</property>
        <property name="hazelcast.client.heartbeat.interval">${hazelcast.client.heartbeat.interval}</property>
        <property name="hazelcast.client.event.thread.count">${hazelcast.client.event.thread.count}</property>
        <property name="hazelcast.client.event.queue.capacity">${hazelcast.client.event.queue.capacity}</property>
        <property name="hazelcast.client.invocation.timeout.seconds">${hazelcast.client.invocation.timeout.seconds}</property>
	</properties>
	
	<network>
		<connection-timeout>${hazelcast.client.connection.timeout}</connection-timeout>
        <connection-attempt-period>${hazelcast.client.connection.attempt.period}</connection-attempt-period>
        <connection-attempt-limit>${hazelcast.client.connection.attempt.limit}</connection-attempt-limit>
	</network>
	

	<serialization>
		<serializers>
			<global-serializer>${hazelcast.global.serializer}</global-serializer>
		</serializers>
		<portable-version>0</portable-version>
    <portable-factories>
      <portable-factory factory-id="1">
          com.citi.reghub.core.cache.client.CustomPortableFactory
      </portable-factory>
    </portable-factories>
	</serialization>



</hazelcast-client>