{
    "reportingStream": "m2post",
    "assetClass" : "comderv",
    "name": "m2p0st_comderv_p0st_enrichment_biz_exception_check",
    "type": "Sequential",
    "description": "Business Exception Rules Graph for Mifid2 Post Trade Commodities Assset Class",
    "rules": [
        { "ruleName": "m2post_all_OTC_post-trade_indicator_check_rule" },
        { "ruleName": "m2post_all_notation_of_qty_value_check_rule" },
        { "ruleName": "m2post_all_notational_amount_format_check_rule" },
        { "ruleName": "m2p0st_all_notational_currency_format_check_rule" },
        { "ruleName": "m2p0st_all_price_currency_format_check_rule" },
        { "ruleName": "m2post_all_price_notation_value_check_rule" },
        { "ruleName": "m2p0st_all_price_validation_rule" },
        { "ruleName": "m2post_all_qty_in_msrmnt_unit_format_check_rule" },
        { "ruleName": "m2p0st_all_traded_qty_format_check_rule" },
        { "ruleName": "m2post_all_trading_date_time_check_rule" },
        { "ruleName": "m2post_all_trading_venue_transaction_identification_code_check_rule" },
        { "ruleName": "m2post_all_transaction_to_be_cleared_check_rule" },
        { "ruleName": "m2p0st_all_instr_ident_type_code_value_check_and_map_rule" },
        { "ruleName": "m2post_all_isin_format_validation_rule" },
        {"ruleName": "m2p0st_comderv_emission_allowance_type_value_check_and_map_rule"}
    ]
}