{
    "reportingStream": "m2post",
    "assetClass" : "comderv",
    "name": "m2p0st_comderv_p0st_enrichment_eligibility_check",
    "type": "Sequential",
    "description": "Post Enrichment Non Reportable Rules Graph for Mifid2 Post Trade Commodities Assset Class",
    "rules": [
        { "ruleName": "m2p0st_all_book_swing_non_reportable" },
        { "ruleName": "m2p0st_all_buy_sell_si_assisted_reporting" },
        { "ruleName": "m2p0st_all_citi_legal_entity_check" },
        { "ruleName": "m2p0st_all_cp_non_reportable" },
        { "ruleName": "m2p0st_all_totv_check" },
        { "ruleName": "m2p0st_all_citi_mic_code_check" },
        { "ruleName": "m2p0st_comderv_c6_energy_derivaties_non_reportable_rule" },
        { "ruleName": "m2p0st_comderv_jurisdiction_remit_non_reportable" }
    ]
}