{
    "stream": "m2post",
    "flow" : "comderv",
    "name": "m2p0st_comderv_c6_energy_derivaties_non_reportable_rule",
    "description" : "if taxonomy has Commodity:Energy:Coal:* or Commodity:Energy:Oil:* as value then maek it non reportable",
    "definition": "encodeFileAsBase64(rule_definitions/comderv/post_enrichment_eligibility_rules/m2post_comderv_c6_energy_derivaties_non_reportable_rule.drl)",
    "resultCode": "m2p0st_comderv_c6_energy_derivaties_non_reportable_rule",
    "metadata": [
        { "name": "m2p0st_comderv_c6_energy_derivaties_non_reportable_rule", "key": "m2p0st_comderv_c6_energy_derivaties_non_reportable_rule" }
    ],
    "upstreamSource" : "",
    "type" : "",
    "conditions" : "",
    "regulator" : "",
    "regulation" : "",
    "regRuleReference" : "",
    "regRuleTraceability" : "",
    "version" : ""
}