{
    "stream": "m2post",
    "flow" : "comderv",
    "name": "m2p0st_comderv_jurisdiction_remit_non_reportable",
    "description": "if jurisdiction contains value as REMIT then maek it non reportable",
    "definition": "encodeFileAsBase64(rule_definitions/comderv/post_enrichment_eligibility_rules/m2post_comderv_jurisdiction_remit_non_reportable.drl)",
    "resultCode": "m2p0st_comderv_jurisdiction_remit_non_reportable",
    "metadata": [
        { "name": "m2p0st_comderv_jurisdiction_remit_non_reportable", "key": "m2p0st_comderv_jurisdiction_remit_non_reportable" }
    ],
    "upstreamSource" : "",
    "type" : "",
    "conditions" : "",
    "regulator" : "",
    "regulation" : "",
    "regRuleReference" : "",
    "regRuleTraceability" : "",
    "version" : ""
}