{
    "stream": "m2post",
    "flow" : "comderv",
    "name": "m2p0st_comderv_emission_allowance_type_value_check_and_map_rule",
    "description": "Emission Type other than Defined value raise a Business Exception",
    "definition": "encodeFileAsBase64(rule_definitions/comderv/post_enrichment_biz_exception_rules/m2post_comderv_emission_allowance_type_value_check_and_map_rule.drl)",
    "resultCode": "business_exception_emission_allowance_type_not_of_defined_value",
    "metadata": [
        { "name": "m2p0st_comderv_emission_allowance_type_values", "key": "m2p0st_comderv_emission_allowance_type_values" }
    ],
    "upstreamSource" : "",
    "type" : "",
    "conditions" : "",
    "regulator" : "",
    "regulation" : "",
    "regRuleReference" : "",
    "regRuleTraceability" : "",
    "version" : ""
}