{
    "id": "5263c823aac2c7ceceb04ec4",
    "stream": "m2post",
    "flow" : "csheq",
    "name": "m2p0st_csheq_single_bargain_c0nditi0n_nr_rule",
    "description" : "Checks if Trade report has single Bargain Condition [NR] ",
    "definition": "encodeFileAsBase64(rule_definitions/csheq/pre_eligibility_rules/m2post_csheq_single_bargain_condition_nr_rule.drl)",
    "resultCode": "m2p0st_csheq_single_bargain_c0nditi0n_nr_rule",
    "metadata": [
        { "name": "m2p0st_csheq_single_bargain_c0nditi0n", "key": "m2p0st_csheq_single_bargain_c0nditi0n" }
    ],
    "upstreamSource" : "",
    "type" : "",
    "conditions" : "",
    "regulator" : "",
    "regulation" : "",
    "regRuleReference" : "",
    "regRuleTraceability" : "",
    "version" : ""
}