{
    "id": "5233c823aac2c7ceceb04ec4",
    "stream": "m2post",
    "flow" : "csheq",
    "name": "m2p0st_csheq_bargain_c0nditi0n_exempt_rule",
    "description" : "Checks if Trade report Exempt from bargain Condiions ",
    "definition": "encodeFileAsBase64(rule_definitions/csheq/pre_eligibility_rules/m2post_csheq_bargain_condition_exempt_rule.drl)",
    "resultCode": "m2p0st_csheq_bargain_c0nditi0n_exempt_rule",
    "metadata": [
        { "name": "m2p0st_csheq_bargain_c0nditi0n_exempt", "key": "m2p0st_csheq_bargain_c0nditi0n_exempt" }
    ],
    "upstreamSource" : "",
    "type" : "",
    "conditions" : "",
    "regulator" : "",
    "regulation" : "",
    "regRuleReference" : "",
    "regRuleTraceability" : "",
    "version" : ""
}