{
    "id": "5264c823aac2c7ceceb04ec4",
    "stream": "m2post",
    "flow" : "csheq",
    "name": "m2p0st_csheq_mifid_st0ck_rule",
    "description" : "Checks if Trade report is Mifid stock ",
    "definition": "encodeFileAsBase64(rule_definitions/csheq/post_enrichment_eligibility_rules/m2post_csheq_mifid_stock_rule.drl)",
    "resultCode": "m2p0st_csheq_mifid_st0ck_rule",
    "metadata": [
        { "name": "m2p0st_csheq_single_bargain_c0nditi0n", "key": "m2p0st_csheq_single_bargain_c0nditi0n" }
    ],
    "upstreamSource" : "",
    "type" : "",
    "conditions" : "",
    "regulator" : "",
    "regulation" : "",
    "regRuleReference" : "",
    "regRuleTraceability" : "",
    "version" : ""
}