{
    "id": "5233c808aac2c7ceceb04ec4",
    "stream": "m2post",
    "flow" : "csheq",
    "name": "m2p0st_csheq_market_destinati0n_rule",
    "description" : "Checks if market destination ",
    "definition": "encodeFileAsBase64(rule_definitions/csheq/pre_eligibility_rules/m2post_csheq_market_destination_rule.drl)",
    "resultCode": "m2p0st_csheq_market_destinati0n_rule",
    "metadata": [
        { "name": "m2p0st_csheq_market_destinati0n", "key": "m2p0st_csheq_market_destinati0n" }
    ],
    "upstreamSource" : "",
    "type" : "",
    "conditions" : "",
    "regulator" : "",
    "regulation" : "",
    "regRuleReference" : "",
    "regRuleTraceability" : "",
    "version" : ""
}