{
    "stream": "m2post",
    "flow" : "cshfx",
    "name": "m2post_cshfx_spot_instrument_exclude",
    "description": "Instrument is FX Spot then mark the trade non-reportable",
    "definition": "encodeFileAsBase64(rule_definitions/cshfx/pre_eligibility_rules/m2post_cshfx_spot_instrument_exclude.drl)",
    "resultCode": "non_reportable_cshfx_spot_instrument",
    "metadata": [
        { "name": "m2p0st_cshfx_instrument_exclude", "key": "m2p0st_cshfx_instrument_exclude" }
    ],
    "upstreamSource" : "",
    "type" : "",
    "conditions" : "",
    "regulator" : "",
    "regulation" : "",
    "regRuleReference" : "",
    "regRuleTraceability" : "",
    "version" : ""
}