{
    "stream": "m2post",
    "flow" : "all",
    "name": "m2post_all_price_notation_value_check_rule",
    "description": "Price Notation Value Check for defined values, it shouldbe 1 2 9 or 22 else Business Exception",
    "definition": "encodeFileAsBase64(rule_definitions/common/post_enrichment_biz_exception_rules/m2post_all_price_notation_value_check_rule.drl)",
    "resultCode": "business_exception_price_notation_not_of_defined_value",
    "metadata": [
    	{ "name": "m2p0st_all_price_notation_values", "key": "m2p0st_all_price_notation_values" }
     ],
    "upstreamSource" : "",
    "type" : "",
    "conditions" : "",
    "regulator" : "",
    "regulation" : "",
    "regRuleReference" : "",
    "regRuleTraceability" : "",
    "version" : ""
}