{
    "stream": "m2post",
    "flow" : "all",
    "name": "m2post_all_pre_mifid_rule",
    "description": "Rule for filtering trades prior to Mifid",
    "definition": "encodeFileAsBase64(rule_definitions/common/pre_eligibility_rules/m2post_all_pre_mifid_rule.drl)",
    "resultCode": "non_reportable_pre_mifid_trade",
    "metadata": [
        { "name": "m2p0st_all_pre_mifid_date", "key": "m2p0st_all_pre_mifid_date" }
    ],
    "upstreamSource" : "",
    "type" : "",
    "conditions" : "",
    "regulator" : "",
    "regulation" : "",
    "regRuleReference" : "",
    "regRuleTraceability" : "",
    "version" : ""
}