{
    "stream": "m2post",
    "flow" : "all",
    "name": "m2post_all_OTC_post-trade_indicator_check_rule",
    "description": "OTC post-trade indicator should be one or more of the pre-definded values",
    "definition": "encodeFileAsBase64(rule_definitions/common/post_enrichment_biz_exception_rules/m2post_all_OTC_post-trade_indicator_format_check_rule.drl)",
    "resultCode": "OTC_post-trade_indicator_exception",
    "metadata": [
 
    ],
    "upstreamSource" : "",
    "type" : "",
    "conditions" : "",
    "regulator" : "",
    "regulation" : "",
    "regRuleReference" : "",
    "regRuleTraceability" : "",
    "version" : ""
}