{
    "stream": "m2post",
    "flow" : "all",
    "name": "m2p0st_all_notational_currency_format_check_rule",
    "description": "If Notational Currecny not of length 3 and all CAPS the raise Business Exception",
    "definition": "encodeFileAsBase64(rule_definitions/common/post_enrichment_biz_exception_rules/m2post_all_notational_currency_format_check_rule.drl)",
    "resultCode": "biz_exception_notational_currecny_1",
    "metadata": [
     ],
    "upstreamSource" : "",
    "type" : "",
    "conditions" : "",
    "regulator" : "",
    "regulation" : "",
    "regRuleReference" : "",
    "regRuleTraceability" : "",
    "version" : ""
}