{
    "stream": "m2post",
    "flow" : "all",
    "name": "m2p0st_all_venue_of_execution_format_check_rule",
    "description": "Validate Venu Of Execution Format",
    "definition": "encodeFileAsBase64(rule_definitions/common/post_enrichment_biz_exception_rules/m2post_all_venue_of_execution_format_check_rule.drl)",
    "resultCode": "biz_exception_incorrect_venue_of_execution_format",
    "metadata": [
     ],
    "upstreamSource" : "",
    "type" : "",
    "conditions" : "",
    "regulator" : "",
    "regulation" : "",
    "regRuleReference" : "",
    "regRuleTraceability" : "",
    "version" : ""
}