{
    "stream": "m2post",
    "flow" : "all",
    "name": "m2p0st_all_traded_qty_format_check_rule",
    "description": "Rule for filtering trades based on quantity format validation",
    "definition": "encodeFileAsBase64(rule_definitions/common/post_enrichment_biz_exception_rules/m2post_all_traded_qty_format_check_rule.drl)",
    "resultCode": "business_exception_traded_quantity_invalid",
    "metadata": [
 
    ],
    "upstreamSource" : "",
    "type" : "",
    "conditions" : "",
    "regulator" : "",
    "regulation" : "",
    "regRuleReference" : "",
    "regRuleTraceability" : "",
    "version" : ""
}