{
    "stream": "m2post",
    "flow" : "all",
    "name": "m2p0st_all_tlc_event_clearing_non_reporting",
    "description": "m2p0st all tlc event clearing non reporting]",
    "definition": "encodeFileAsBase64(rule_definitions/common/pre_eligibility_rules/m2post_all_tlc_event_clearing_non_reporting.drl)",
    "resultCode": "m2p0st_all_tlc_event_clearing_non_reporting",
    "metadata": [
        { "name": "m2p0st_all_tlc_event_clearing_non_reporting", "key": "m2p0st_all_tlc_event_clearing_non_reporting" }
    ],
    "upstreamSource" : "",
    "type" : "",
    "conditions" : "",
    "regulator" : "",
    "regulation" : "",
    "regRuleReference" : "",
    "regRuleTraceability" : "",
    "version" : ""
}