{
    "stream": "m2post",
    "flow" : "all",
    "name": "m2post_all_allocation_status_exclude",
    "description": "TradeType is allocation then mark the trade non-reportable",
    "definition": "encodeFileAsBase64(rule_definitions/common/pre_eligibility_rules/m2post_all_allocation_status_exclude.drl)",
    "resultCode": "non_reportable_tradeType_allocated",
    "metadata": [
     ],
    "upstreamSource" : "",
    "type" : "",
    "conditions" : "",
    "regulator" : "",
    "regulation" : "",
    "regRuleReference" : "",
    "regRuleTraceability" : "",
    "version" : ""
}