{
    "stream": "m2post",
    "flow" : "all",
    "name": "m2p0st_all_instr_ident_type_code_value_map_rule",
    "description": "Instrument Ident Code type values should be ISIN, CUSIP, FII, SEDOL else Business Exception",
    "definition": "encodeFileAsBase64(rule_definitions/common/post_transformation_rules/m2post_all_instr_ident_type_code_value_map_rule.drl)",
    "resultCode": "value_mapped_for_indet_code",
    "metadata": [
    	{ "name": "m2p0st_all_instr_ident_code_type_values", "key": "m2p0st_all_instr_ident_code_type_values" }
     ],
    "upstreamSource" : "",
    "type" : "",
    "conditions" : "",
    "regulator" : "",
    "regulation" : "",
    "regRuleReference" : "",
    "regRuleTraceability" : "",
    "version" : ""
}