{
    "stream": "m2post",
    "flow" : "all",
    "name": "m2p0st_all_book_swing_non_reportable",
    "description": "m2post book swing non reportable",
    "definition": "encodeFileAsBase64(rule_definitions/common/post_enrichment_eligibility_rules/m2post_all_book_swing_non_reportable.drl)",
    "resultCode": "m2p0st_all_book_swing_non_reportable",
    "metadata": [ ],
    "upstreamSource" : "",
    "type" : "",
    "conditions" : "",
    "regulator" : "",
    "regulation" : "",
    "regRuleReference" : "",
    "regRuleTraceability" : "",
    "version" : ""
}