{
    "stream": "m2post",
    "flow" : "all",
    "name": "m2p0st_all_citi_mic_code_check",
    "description": "m2post mic code check",
    "definition": "encodeFileAsBase64(rule_definitions/common/post_enrichment_eligibility_rules/m2post_all_citi_mic_code_check.drl)",
    "resultCode": "m2post_all_citi_mic_code_check",
    "metadata": [
        { "name": "m2p0st_all_citi_mic_code_check", "key": "m2p0st_all_citi_mic_code_check" }
    ],
    "upstreamSource" : "",
    "type" : "",
    "conditions" : "",
    "regulator" : "",
    "regulation" : "",
    "regRuleReference" : "",
    "regRuleTraceability" : "",
    "version" : ""
}