{
    "stream": "m2post",
    "flow" : "all",
    "name": "m2p0st_all_buy_sell_si_assisted_reporting",
    "description": "Buy Sell Assisting reporting rule]",
    "definition": "encodeFileAsBase64(rule_definitions/common/post_enrichment_eligibility_rules/m2post_all_buy_sell_si_assisted_reporting.drl)",
    "resultCode": "m2p0st_all_buy_sell_si_assisted_reporting",
    "metadata": [
        { "name": "m2p0st_all_buy_sell_si_assisted_reporting", "key": "m2p0st_all_buy_sell_si_assisted_reporting" }
    ],
    "upstreamSource" : "",
    "type" : "",
    "conditions" : "",
    "regulator" : "",
    "regulation" : "",
    "regRuleReference" : "",
    "regRuleTraceability" : "",
    "version" : ""
}