{
    "stream": "m2post",
    "flow" : "all",
    "name": "m2p0st_com_price_notation_enrichment_rule",
    "description": "Enrichment of Price Notation values",
    "definition": "encodeFileAsBase64(rule_definitions/common/post_transformation_rules/m2post_all_price_notation_enrichment_rule.drl)",
    "resultCode": "value_mapped_for_price_notation",
    "metadata": [
    	{ "name": "m2p0st_all_price_notation_values", "key": "m2p0st_all_price_notation_values" }
     ],
    "upstreamSource" : "",
    "type" : "",
    "conditions" : "",
    "regulator" : "",
    "regulation" : "",
    "regRuleReference" : "",
    "regRuleTraceability" : "",
    "version" : ""
}