{
    "stream": "m2post",
    "flow" : "all",
    "name": "m2post_all_transaction_to_be_cleared_check_rule",
    "description": "Rule for filtering trades based on Transaction to be cleared",
    "definition": "encodeFileAsBase64(rule_definitions/common/post_enrichment_biz_exception_rules/m2post_all_transaction_to_be_cleared_format_check_rule.drl)",
    "resultCode": "business_exception_quantity_invalid",
    "metadata": [
 
    ],
    "upstreamSource" : "",
    "type" : "",
    "conditions" : "",
    "regulator" : "",
    "regulation" : "",
    "regRuleReference" : "",
    "regRuleTraceability" : "",
    "version" : ""
}