<fix major="4" minor="4">
	<header>
		<field name="BeginString" required="Y" />
		<field name="BodyLength" required="Y" />
		<field name="MsgType" required="Y" />
		<field name="senderCompID" required="Y" />
		<field name="targetCompID" required="Y" />
		<field name="OnBehalfOfCompID" required="N" />
		<field name="DeliverToCompID" required="N" />
		<field name="MsgSeqNum" required="Y" />
		<field name="targetSubID" required="N" />
		<field name="OnBehalfOfSubID" required="N" />
		<field name="DeliverToSubID" required="N" />
		<field name="PossDupFlag" required="N" />
		<field name="PossResend" required="N" />
		<field name="SendingTime" required="Y" />
		<field name="OrigSendingTime" required="N" />
	</header>
	<trailer>
		<field name="CheckSum" required="Y" />
	</trailer>
	<messages>
		<message name="TradeCaptureReport" msgtype="AE" msgcat="app">
			<field name="TradeReportID" required="Y" />
			<field name="TradeReportTransType" required="Y" />
			<field name="TradeReportType" required="Y" />
			<field name="TrdType" required="Y" />
			<field name="TrdSubType" required="Y" />
			<field name="SecondaryTrdType" required="Y" />
			<field name="execType" required="Y" />
			<field name="SecondaryTradeID" required="N" />
			<field name="lastQty" required="Y" />
			<field name="lastPx" required="Y" />
			<field name="tradeDate" required="Y" />
			<field name="MatchType" required="Y" />
			<field name="currency" required="Y" />
			<field name="VenueType" required="Y" />
			<field name="TradeHandlingInstr" required="Y" />
			<field name="TradePublishIndicator" required="Y" />
			<field name="NoTradePriceConditions" required="N" />
			<field name="TradePriceCondition" required="N" />
			<field name="ExecMethod" required="N" />
			<field name="TrdRegPublicationReasons" required="N" />
			<field name="Account" required="N" />
			<field name="settlDate" required="N" />
			<field name="AlgorithmicTradeIndicator" required="N" />
			<field name="GrossTradeAmount" required="N" />
			<field name="orderCapacity" required="N" />
			<field name="CheckSum" required="Y" />
			<field name="BeginString" required="Y" />
			<field name="BodyLength" required="Y" />
			<field name="MsgType" required="Y" />
			<field name="senderCompID" required="Y" />
			<field name="targetCompID" required="Y" />
			<field name="OnBehalfOfCompID" required="N" />
			<field name="DeliverToCompID" required="N" />
			<field name="MsgSeqNum" required="Y" />
			<field name="targetSubID" required="N" />
			<field name="OnBehalfOfSubID" required="N" />
			<field name="DeliverToSubID" required="N" />
			<field name="PossDupFlag" required="N" />
			<field name="PossResend" required="N" />
			<field name="SendingTime" required="Y" />
			<field name="OrigSendingTime" required="N" />
			<field name="GrossTradeAmount" required="N" />
			<field name="NoTradePriceConditions" required="N" />
			<field name="AlgorithmicTradeIndicator" required="N" />
			<field name="ExecMethod" required="N">
				<value enum="0" description="Unspecied" />
				<value enum="1" description="Manual" />
				<value enum="2" description="Automated" />
			</field>
			<field name="TradePriceCondition" required="N" />
			<field name="TradeID" required="N" />
			<field name="TradingSessionSubID" required="N" />
			<field name="ExecInst" required="N" />
			<field name="SettlType" required="N" />
			<component name="Instrument" required="Y" />
			<component name="Parties" required="Y" />
			<group name="noSides" required="Y">
				<field name="side" required="Y" />
			</group>
		</message>
	</messages>
	<components>
		<component name="Instrument">
			<field name="Symbol" required="Y" />
			<field name="securityID" required="N" />
			<field name="securityIDSource" required="N" />
			<field name="securityExchange" required="N" />
		</component>
		<component name="Parties">
			<group name="NoPartyIDs" required="N">
				<field name="PartyID" required="N" />
				<field name="PartyIDSource" required="N" />
				<field name="PartyRole" required="N" />
			</group>
		</component>
	</components>
	<fields>
		<field number="1" name="Account" type="STRING" />
		<field number="8" name="BeginString" type="STRING" />
		<field number="9" name="BodyLength" type="LENGTH" />
		<field number="10" name="CheckSum" type="STRING" />
		<field number="15" name="currency" type="CURRENCY" />
		<field number="18" name="ExecInst" type="STRING" />
		<field number="22" name="securityIDSource" type="STRING">
			<value enum="1" description="CUSIP" />
			<value enum="2" description="SEDOL" />
			<value enum="3" description="QUIK" />
			<value enum="4" description="ISIN_NUMBER" />
			<value enum="5" description="RIC_CODE" />
			<value enum="6" description="ISO_CURRENCY_CODE" />
			<value enum="7" description="ISO_COUNTRY_CODE" />
			<value enum="8" description="EXCHANGE_SYMBOL" />
			<value enum="9" description="CONSOLIDATED_TAPE_ASSOCIATION" />
			<value enum="A" description="BLOOMBERG_SYMBOL" />
			<value enum="B" description="WERTPAPIER" />
			<value enum="C" description="DUTCH" />
			<value enum="D" description="VALOREN" />
			<value enum="E" description="SICOVAM" />
			<value enum="F" description="BELGIAN" />
			<value enum="G" description="COMMON" />
			<value enum="H" description="CLEARING_HOUSE_CLEARING_ORGANIZATION" />
			<value enum="I" description="ISDA_FPML_PRODUCT_SPECIFICATION" />
			<value enum="J" description="OPTIONS_PRICE_REPORTING_AUTHORITY" />
		</field>
		<field number="31" name="lastPx" type="PRICE" />
		<field number="32" name="lastQty" type="QTY" />
		<field number="34" name="MsgSeqNum" type="SEQNUM" />
		<field number="35" name="MsgType" type="STRING">
			<value enum="0" description="HEARTBEAT" />
			<value enum="1" description="TEST_REQUEST" />
			<value enum="2" description="RESEND_REQUEST" />
			<value enum="3" description="REJECT" />
			<value enum="4" description="SEQUENCE_RESET" />
			<value enum="5" description="LOGOUT" />
			<value enum="6" description="INDICATION_OF_INTEREST" />
			<value enum="7" description="ADVERTISEMENT" />
			<value enum="8" description="EXECUTION_REPORT" />
			<value enum="9" description="ORDER_CANCEL_REJECT" />
			<value enum="A" description="LOGON" />
			<value enum="B" description="NEWS" />
			<value enum="C" description="EMAIL" />
			<value enum="D" description="ORDER_SINGLE" />
			<value enum="E" description="ORDER_LIST" />
			<value enum="F" description="ORDER_CANCEL_REQUEST" />
			<value enum="G" description="ORDER_CANCEL_REPLACE_REQUEST" />
			<value enum="H" description="ORDER_STATUS_REQUEST" />
			<value enum="J" description="ALLOCATION_INSTRUCTION" />
			<value enum="K" description="LIST_CANCEL_REQUEST" />
			<value enum="L" description="LIST_EXECUTE" />
			<value enum="M" description="LIST_STATUS_REQUEST" />
			<value enum="N" description="LIST_STATUS" />
			<value enum="P" description="ALLOCATION_INSTRUCTION_ACK" />
			<value enum="Q" description="DONT_KNOW_TRADE" />
			<value enum="R" description="QUOTE_REQUEST" />
			<value enum="S" description="QUOTE" />
			<value enum="T" description="SETTLEMENT_INSTRUCTIONS" />
			<value enum="V" description="MARKET_DATA_REQUEST" />
			<value enum="W" description="MARKET_DATA_SNAPSHOT_FULL_REFRESH" />
			<value enum="X" description="MARKET_DATA_INCREMENTAL_REFRESH" />
			<value enum="Y" description="MARKET_DATA_REQUEST_REJECT" />
			<value enum="Z" description="QUOTE_CANCEL" />
			<value enum="a" description="QUOTE_STATUS_REQUEST" />
			<value enum="b" description="MASS_QUOTE_ACKNOWLEDGEMENT" />
			<value enum="c" description="SECURITY_DEFINITION_REQUEST" />
			<value enum="d" description="SECURITY_DEFINITION" />
			<value enum="e" description="SECURITY_STATUS_REQUEST" />
			<value enum="f" description="SECURITY_STATUS" />
			<value enum="g" description="TRADING_SESSION_STATUS_REQUEST" />
			<value enum="h" description="TRADING_SESSION_STATUS" />
			<value enum="i" description="MASS_QUOTE" />
			<value enum="j" description="BUSINESS_MESSAGE_REJECT" />
			<value enum="k" description="BID_REQUEST" />
			<value enum="l" description="BID_RESPONSE" />
			<value enum="m" description="LIST_STRIKE_PRICE" />
			<value enum="n" description="XML_MESSAGE" />
			<value enum="o" description="REGISTRATION_INSTRUCTIONS" />
			<value enum="p" description="REGISTRATION_INSTRUCTIONS_RESPONSE" />
			<value enum="q" description="ORDER_MASS_CANCEL_REQUEST" />
			<value enum="r" description="ORDER_MASS_CANCEL_REPORT" />
			<value enum="s" description="NEW_ORDER_CROSS" />
			<value enum="t" description="CROSS_ORDER_CANCEL_REPLACE_REQUEST" />
			<value enum="u" description="CROSS_ORDER_CANCEL_REQUEST" />
			<value enum="v" description="SECURITY_TYPE_REQUEST" />
			<value enum="w" description="SECURITY_TYPES" />
			<value enum="x" description="SECURITY_LIST_REQUEST" />
			<value enum="y" description="SECURITY_LIST" />
			<value enum="z" description="DERIVATIVE_SECURITY_LIST_REQUEST" />
			<value enum="AA" description="DERIVATIVE_SECURITY_LIST" />
			<value enum="AB" description="NEW_ORDER_MULTILEG" />
			<value enum="AC" description="MULTILEG_ORDER_CANCEL_REPLACE" />
			<value enum="AD" description="TRADE_CAPTURE_REPORT_REQUEST" />
			<value enum="AE" description="TRADE_CAPTURE_REPORT" />
			<value enum="AF" description="ORDER_MASS_STATUS_REQUEST" />
			<value enum="AG" description="QUOTE_REQUEST_REJECT" />
			<value enum="AH" description="RFQ_REQUEST" />
			<value enum="AI" description="QUOTE_STATUS_REPORT" />
			<value enum="AJ" description="QUOTE_RESPONSE" />
			<value enum="AK" description="CONFIRMATION" />
			<value enum="AL" description="POSITION_MAINTENANCE_REQUEST" />
			<value enum="AM" description="POSITION_MAINTENANCE_REPORT" />
			<value enum="AN" description="REQUEST_FOR_POSITIONS" />
			<value enum="AO" description="REQUEST_FOR_POSITIONS_ACK" />
			<value enum="AP" description="POSITION_REPORT" />
			<value enum="AQ" description="TRADE_CAPTURE_REPORT_REQUEST_ACK" />
			<value enum="AR" description="TRADE_CAPTURE_REPORT_ACK" />
			<value enum="AS" description="ALLOCATION_REPORT" />
			<value enum="AT" description="ALLOCATION_REPORT_ACK" />
			<value enum="AU" description="CONFIRMATION_ACK" />
			<value enum="AV" description="SETTLEMENT_INSTRUCTION_REQUEST" />
			<value enum="AW" description="ASSIGNMENT_REPORT" />
			<value enum="AX" description="COLLATERAL_REQUEST" />
			<value enum="AY" description="COLLATERAL_ASSIGNMENT" />
			<value enum="AZ" description="COLLATERAL_RESPONSE" />
			<value enum="BA" description="COLLATERAL_REPORT" />
			<value enum="BB" description="COLLATERAL_INQUIRY" />
			<value enum="BC" description="NETWORK_STATUS_REQUEST" />
			<value enum="BD" description="NETWORK_STATUS_RESPONSE" />
			<value enum="BE" description="USER_REQUEST" />
			<value enum="BF" description="USER_RESPONSE" />
			<value enum="BG" description="COLLATERAL_INQUIRY_ACK" />
			<value enum="BH" description="CONFIRMATION_REQUEST" />
		</field>
		<field number="43" name="PossDupFlag" type="BOOLEAN" />
		<field number="48" name="securityID" type="STRING" />
		<field number="49" name="senderCompID" type="STRING" />
		<field number="52" name="SendingTime" type="UTCTIMESTAMP" />
		<field number="54" name="side" type="CHAR">
			<value enum="1" description="BUY" />
			<value enum="2" description="SELL" />
			<value enum="3" description="BUY_MINUS" />
			<value enum="4" description="SELL_PLUS" />
			<value enum="5" description="SELL_SHORT" />
			<value enum="6" description="SELL_SHORT_EXEMPT" />
			<value enum="7" description="UNDISCLOSED" />
			<value enum="8" description="CROSS" />
			<value enum="9" description="CROSS_SHORT" />
			<value enum="A" description="CROSS_SHORT_EXEMPT" />
			<value enum="B" description="AS_DEFINED" />
			<value enum="C" description="OPPOSITE" />
			<value enum="D" description="SUBSCRIBE" />
			<value enum="E" description="REDEEM" />
			<value enum="F" description="LEND" />
			<value enum="G" description="BORROW" />
		</field>
		<field number="55" name="Symbol" type="STRING" />
		<field number="56" name="targetCompID" type="STRING" />
		<field number="57" name="targetSubID" type="STRING" />
		<field number="60" name="transactTime" type="UTCTIMESTAMP" />
		<field number="63" name="SettlType" type="CHAR">
			<value enum="0" description="REGULAR" />
			<value enum="6" description="FUTURE" />
		</field>
		<field number="64" name="settlDate" type="LOCALMKTDATE" />
		<field number="75" name="tradeDate" type="LOCALMKTDATE" />
		<field number="97" name="PossResend" type="BOOLEAN" />
		<field number="115" name="OnBehalfOfCompID" type="STRING" />
		<field number="116" name="OnBehalfOfSubID" type="STRING" />
		<field number="122" name="OrigSendingTime" type="UTCTIMESTAMP" />
		<field number="128" name="DeliverToCompID" type="STRING" />
		<field number="129" name="DeliverToSubID" type="STRING" />
		<field number="150" name="execType" type="CHAR">
			<value enum="0" description="NEW" />
			<value enum="1" description="PARTIAL_FILL" />
			<value enum="2" description="FILL" />
			<value enum="3" description="DONE_FOR_DAY" />
			<value enum="4" description="CANCELED" />
			<value enum="5" description="REPLACE" />
			<value enum="6" description="PENDING_CANCEL" />
			<value enum="7" description="STOPPED" />
			<value enum="8" description="REJECTED" />
			<value enum="9" description="SUSPENDED" />
			<value enum="A" description="PENDING_NEW" />
			<value enum="B" description="CALCULATED" />
			<value enum="C" description="EXPIRED" />
			<value enum="D" description="RESTATED" />
			<value enum="E" description="PENDING_REPLACE" />
			<value enum="F" description="TRADE" />
			<value enum="G" description="TRADE_CORRECT" />
			<value enum="H" description="TRADE_CANCEL" />
			<value enum="I" description="ORDER_STATUS" />
		</field>
		<field number="207" name="securityExchange" type="EXCHANGE" />
		<field number="447" name="PartyIDSource" type="CHAR">
			<value enum="B" description="BIC" />
			<value enum="C" description="GENERALLY_ACCEPTED_MARKET_PARTICIPANT_IDENTIFIER" />
			<value enum="D" description="PROPRIETARY_CUSTOM_CODE" />
			<value enum="E" description="ISO_COUNTRY_CODE" />
			<value enum="F" description="SETTLEMENT_ENTITY_LOCATION" />
			<value enum="G" description="MIC" />
			<value enum="H" description="CSD_PARTICIPANT_MEMBER_CODE" />
			<value enum="1" description="KOREAN_INVESTOR_ID" />
			<value enum="2" description="TAIWANESE_QUALIFIED_FOREIGN_INVESTOR_ID_QFII_FID" />
			<value enum="3" description="TAIWANESE_TRADING_ACCOUNT" />
			<value enum="4" description="MALAYSIAN_CENTRAL_DEPOSITORY_NUMBER" />
			<value enum="5" description="CHINESE_B_SHARE" />
			<value enum="6" description="UK_NATIONAL_INSURANCE_OR_PENSION_NUMBER" />
			<value enum="7" description="US_SOCIAL_SECURITY_NUMBER" />
			<value enum="8" description="US_EMPLOYER_IDENTIFICATION_NUMBER" />
			<value enum="9" description="AUSTRALIAN_BUSINESS_NUMBER" />
			<value enum="A" description="AUSTRALIAN_TAX_FILE_NUMBER" />
			<value enum="I" description="DIRECTED_BROKER" />
		</field>
		<field number="448" name="PartyID" type="STRING" />
		<field number="452" name="PartyRole" type="INT">
			<value enum="1" description="EXECUTING_FIRM" />
			<value enum="2" description="BROKER_OF_CREDIT" />
			<value enum="3" description="CLIENT_ID" />
			<value enum="4" description="CLEARING_FIRM" />
			<value enum="5" description="INVESTOR_ID" />
			<value enum="6" description="INTRODUCING_FIRM" />
			<value enum="7" description="ENTERING_FIRM" />
			<value enum="8" description="LOCATE_LENDING_FIRM" />
			<value enum="9" description="FUND_MANAGER_CLIENT_ID" />
			<value enum="10" description="SETTLEMENT_LOCATION" />
			<value enum="11" description="ORDER_ORIGINATION_TRADER" />
			<value enum="12" description="EXECUTING_TRADER" />
			<value enum="13" description="ORDER_ORIGINATION_FIRM" />
			<value enum="14" description="GIVEUP_CLEARING_FIRM" />
			<value enum="15" description="CORRESPONDANT_CLEARING_FIRM" />
			<value enum="16" description="EXECUTING_SYSTEM" />
			<value enum="17" description="CONTRA_FIRM" />
			<value enum="18" description="CONTRA_CLEARING_FIRM" />
			<value enum="19" description="SPONSORING_FIRM" />
			<value enum="20" description="UNDERLYING_CONTRA_FIRM" />
			<value enum="21" description="CLEARING_ORGANIZATION" />
			<value enum="22" description="EXCHANGE" />
			<value enum="24" description="CUSTOMER_ACCOUNT" />
			<value enum="25" description="CORRESPONDENT_CLEARING_ORGANIZATION" />
			<value enum="26" description="CORRESPONDENT_BROKER" />
			<value enum="27" description="BUYER_SELLER" />
			<value enum="28" description="CUSTODIAN" />
			<value enum="29" description="INTERMEDIARY" />
			<value enum="30" description="AGENT" />
			<value enum="31" description="SUB_CUSTODIAN" />
			<value enum="32" description="BENEFICIARY" />
			<value enum="33" description="INTERESTED_PARTY" />
			<value enum="34" description="REGULATORY_BODY" />
			<value enum="35" description="LIQUIDITY_PROVIDER" />
			<value enum="36" description="ENTERING_TRADER" />
			<value enum="37" description="CONTRA_TRADER" />
			<value enum="38" description="POSITION_ACCOUNT" />
		</field>
		<field number="453" name="NoPartyIDs" type="NUMINGROUP" />
		<field number="487" name="TradeReportTransType" type="INT">
			<value enum="U" description="NEW" />
			<value enum="1" description="CANCEL" />
			<value enum="2" description="REPLACE" />
			<value enum="3" description="RELEASE" />
		</field>
		<field number="528" name="orderCapacity" type="CHAR">
			<value enum="A" description="AGENCY" />
			<value enum="P" description="PRINCIPAL" />
			<value enum="R" description="RISKLESS_PRINCIPAL" />
		</field>
		<field number="552" name="noSides" type="NUMINGROUP">
			<value enum="1" description="ONE_SIDE" />
			<value enum="2" description="BOTH_SIDES" />
		</field>

		<field number="571" name="TradeReportID" type="STRING" />

		<field number="574" name="MatchType" type="STRING">
			<value enum="1" description="OFF_EXCHANGE" />
			<value enum="9" description="SYSTEMATIC_INTERNALIZER" />
		</field>
		<field number="625" name="TradingSessionSubID" type="STRING">
			<value enum="2" description="Scheduled Opening Auction" />
			<value enum="4" description="Scheduled Closing Auction" />
			<value enum="6" description="Scheduled Intraday Auction" />
			<value enum="8" description="Unspecied Auction" />
			<value enum="9" description="Unscheduled Auction" />
			<value enum="3" description="Continuous Trading" />
			<value enum="5" description="Post Trading" />
			<value enum="10" description="Out of Main Session Trading" />
		</field>

		<field number="828" name="TrdType" type="INT">
			<value enum="0" description="REGULAR_TRADE" />
			<value enum="30" description="SPECIAL_PRICE" />
		</field>
		<field number="829" name="TrdSubType" type="INT" />
		<field number="855" name="SecondaryTrdType" type="INT" />
		<field number="856" name="TradeReportType" type="INT">
			<value enum="0" description="SUBMIT" />
			<value enum="1" description="ALLEGED" />
			<value enum="2" description="ACCEPT" />
			<value enum="3" description="DECLINE" />
			<value enum="4" description="ADDENDUM" />
			<value enum="5" description="NO_WAS" />
			<value enum="6" description="TRADE_REPORT_CANCEL" />
			<value enum="7" description="LOCKED_IN_TRADE_BREAK" />
		</field>
		<field number="1003" name="TradeID" type="INT" />
		<field number="1123" name="TradeHandlingInstr" type="CHAR" />
		<field number="1390" name="TradePublishIndicator" type="INT">
			<value enum="1" description="PUBLISH_IMMEDIATELY" />
			<value enum="2" description="DEFERRED_PUBLICATION" />
		</field>
		<field number="1430" name="VenueType" type="CHAR" />
		<field number="8013" name="TrdRegPublicationReasons" type="STRING">
			<value enum="3" description="Reference Price (Dark Book) (for MTF only) (RFPT)" />
			<value enum="4"
				description="Pre-Trade Transparency Waiver for Illiquid Instrument(for SI only)(ILQD)" />
			<value enum="5"
				description="Pre-Trade Transparency Waiver for Above Standard Market Size(for SI only) (SIZE)" />
			<value enum="7"
				description="Deferral for Illiquid Instrument (for RTS2 only) (ILQD)" />
			<value enum="8" description="Deferral for Size Speci c (for RTS2 only) (SIZE)" />
		</field>
		<field number="381" name="GrossTradeAmount" type="PRICE" />
		<field number="1838" name="NoTradePriceConditions" type="INT" />
		<field number="2667" name="AlgorithmicTradeIndicator" type="INT">
			<value enum="0" description="No algorithm was involved" />
			<value enum="1" description="algorithmic trade (ALGO)" />
		</field>
		<field number="2405" name="ExecMethod" type="INT" />
		<field number="1839" name="TradePriceCondition" type="INT">
			<value enum="0" description="Cum Dividend" />
			<value enum="2" description="Ex Dividend" />
			<value enum="13" description="SDIV" />
			<value enum="15" description="NPFT" />
			<value enum="16" description="TNCP" />
		</field>
		<field number="7562" name="SecondaryTradeID" type="STRING" />
	</fields>
</fix>
