<?xml version="1.0" encoding="UTF-8"?>
<fix minor="0" major="5">
	<header>
		<field name="BeginString" required="N" />
		<field name="BodyLength" required="N" />
		<field name="MsgType" required="N" />
		<field name="ApplVerID" required="N" />
		<field name="TargetCompID" required="N" />
		<field name="SenderCompID" required="N" />
		<field name="OnBehalfOfCompID" required="N" />
		<field name="DeliverToCompID" required="N" />
		<field name="MsgSeqNum" required="N" />
		<field name="SenderSubID" required="N" />
		<field name="TargetSubID" required="N" />
		<field name="OnBehalfOfSubID" required="N" />
		<field name="OnBehalfOfLocationID" required="N" />
		<field name="DeliverToSubID" required="N" />
		<field name="DeliverToLocationID" required="N" />
		<field name="PossDupFlag" required="N" />
		<field name="PossResend" required="N" />
		<field name="SendingTime" required="N" />
		<field name="OrigSendingTime" required="N" />
		<field name="LastMsgSeqNumProcessed" required="N" />
	</header><!-- TODO  -->
	<trailer>
		<field name="SignatureLength" required="N" />
		<field name="Signature" required="N" />
		<field name="CheckSum" required="N" />
	</trailer>
	<messages>
		<message name="TradeCaptureReport" msgtype="AE" msgcat="app">
		<!-- BATS message tag details start  -->
		<field name="Currency" required="N" />
		<field name="ExecInst" required="N" /> 
		<field name="SecurityIDSource" required="N" />
		<field name="LastPx" required="N" />
		<field name="LastQty" required="N" />
		<field name="Symbol" required="N" />
		<field name="TransactTime" required="N" />
		<field name="TradeDate" required="N" />
		<field name="ExecType" required="N" />
		<field name="SecurityExchange" required="N" />
		<field name="GrossTradeAmt" required="N" />
		<field name="TradeReportTransType" required="N" />
		<field name="TradeReportID" required="N" />
		<field name="MatchType" required="N" />
		<field name="TrdType" required="N" />
		<field name="TrdSubType" required="N" />
		<field name="SecondaryTrdType" required="N" />
		<field name="TradeReportType" required="N" />
		<field name="TradeID" required="N" />
		<field name="TradeHandlingInstr" required="N" />
		<field name="TradePublishIndicator" required="N" />
		<field name="VenueType" required="N" />
		<field name="NoTradePriceConditions" required="N" />
		<field name="TradePriceCondition" required="N" />
		<field name="ExecMethod" required="N" />
		<field name="AlgorithmicTradeIndicator" required="N" />
		<field name="TrdRegPublicationReasons" required="N" />
		<group name="noSides" required="N">
				<field name="side" required="N" />
			</group>
			
		<field name="side" required="N" />
		<field name="Account" required="N" />
		<field name="OrderCapacity" required="N" />
		<field name="TradingSessionSubID" required="N" />
		
		<!-- BATS message tag details end  -->
		
		
			
			<field name="FirmTradeID" required="N" />
			<field name="TargetAPA" required="N" />
			<field name="AssistedReport" required="N" />
			
			
			<field name="CountryOfIssue" required="N" />
			
			
			<field name="QtyType" required="N" />
			<field name="ContractMultiplier" required="N" />
			<field name="UnitOfMeasure" required="N" />
			<field name="TimeUnit" required="N" />
			<field name="UnitOfMeasureQty" required="N" />
			
			<field name="PriceType" required="N" />
			<field name="NotionalAmount" required="N" />
			<field name="NotionalCurrency" required="N" />
			<field name="EmissionAllowanceType" required="N" />
			
			<field name="LastMkt" required="N" />
			<field name="SettlDate" required="N" />
			<field name="SRRBehaviourInstr" required="N" />
			<field name="OnExchangeInstr" required="N" />
			<field name="NoPublicationRequired" required="N" />
			<field name="ExemptTransactionCode" required="N" />
			<field name="ClientOrderTrade" required="N" />
			<field name="ClearingIntention" required="N" />
			<field name="Text" required="N" />
			<field name="PxQtyReviewed" required="N" />
			<field name="DelayToTime" required="N" />
			<field name="PackageID" required="N" />
			<field name="TradeNumber" required="N" />
			<field name="TotalNumTradeReports" required="N" />
			
			
			
			<field name="OrderCategory" required="N" />
			
			
			
			
			
			
			<field name="RegulatoryReportType" required="N" />
			<field name="PreviouslyReported" required="N" />
			
			
			<field name="NoTrdRegPublications" required="N" />
			<field name="TrdRegPublicationType" required="N" />
			<field name="TrdRegPublicationReason" required="N" />
			<component name="Parties" required="N" />
			
			<field name="LastCapacity" required="N" />
			<field name="SideTradeReportingIndicator" required="N" />
			
			
			<field name="AccountType" required="N" />
		</message>
	</messages>
	<components>
		<component name="Parties">
			<group name="NoPartyIDs" required="N">
				<field name="PartyID" required="N" />
				<field name="PartyIDSource" required="N" />
				<field name="PartyRole" required="N" />
			</group>
		</component>
	</components>
	<fields>
	
		<!-- <field number="18" name="ExecInst" type="STRING" /> -->
		<field number="55" name="Symbol" type="STRING" />
		<field number="75" name="TradeDate" type="STRING" />
		<field number="150" name="ExecType" type="CHAR" >
			<value enum="F" description="Trade" />
		</field>
		<field number="207" name="SecurityExchange" type="STRING" >
			<!-- <value enum="F" description="Trade" /> -->
		</field>
		<field number="381" name="GrossTradeAmt" type="NUMINGROUP" />
		<field number="571" name="TradeReportID" type="STRING" />
		<field number="856" name="TradeReportType" type="INT" />
		<field number="1123" name="TradeHandlingInstr" type="CHAR">
			<value enum="1" description="Two-Party Report" />
		</field>
		<field number="8013" name="TrdRegPublicationReasons" type="INT" >
			<value enum="3" description="Reference Price" />
			<value enum="4" description="Pre-Trade Transparency Waiver for Illiquid Instrument" />
			<value enum="5" description="Pre-Trade Transparency Waiver for Above Standard Market Size" />
			<value enum="7" description="Deferral for Illiquid Instrument" />
			<value enum="8" description="Deferral for Size Speci " />
			
		</field>
		
		<field number="528" name="OrderCapacity" type="STRING" >
			<value enum="A" description="Agency" />
			<value enum="P" description="Principal" />
			<value enum="R" description="Riskless" />
		</field>
		
		
		
		
		
		
		
		
		<field number="447" name="PartyIDSource" type="CHAR">
			<value enum="D" description="PROPRIETARY_CUSTOM_CODE" />
			<value enum="G" description="MIC" />
			<value enum="N" description="LEGAL_ENTITY_IDENTIFIER" />
		</field>
		<field number="448" name="PartyID" type="STRING" />
		<field number="452" name="PartyRole" type="INT">
			<value enum="1" description="EXECUTING_FIRM" />
			<value enum="17" description="CONTRA_FIRM" />
		</field>
		<field number="453" name="NoPartyIDs" type="NUMINGROUP" />
		<field number="581" name="AccountType" type="INT">
			<value enum="1" description="ACCOUNT_IS_CARRIED_ON_CUSTOMER_SIDE_OF_BOOKS" />

			<value enum="3" description="HOUSE_TRADER" />

		</field>

		<field number="1" name="Account" type="STRING" />

		<field number="625" name="TradingSessionSubID" type="STRING">
			<value enum="2" description="Scheduled Opening Auction" />
			<value enum="4" description="Scheduled Closing Auction" />
			<value enum="6" description="Scheduled Intraday Auction" />
			<value enum="8" description="Unspecied Auction" />
			<value enum="9" description="Unscheduled Auction" />
			<value enum="3" description="Continuous Trading" />
			<value enum="5" description="Post Trading" />
			<value enum="10" description="Out of Main Session Trading" />
		</field>
		<field number="29" name="LastCapacity" type="CHAR">
			<value enum="1" description="AGENT" />
			<value enum="2" description="CROSS_AS_AGENT" />
			<value enum="3" description="CROSS_AS_PRINCIPAL" />
			<value enum="4" description="PRINCIPAL" />
		</field>
		<field number="2670" name="TrdRegPublicationReason" type="INT">
			<value enum="0"
				description="No preceding order in book as transaction price set within average spread of a liquid instrument" />
			<value enum="1"
				description="No preceding order in book as transaction price depends on system-set reference price for an illiquid instrument" />
			<value enum="2"
				description="No preceding order in book as transaction price is for transaction subject to conditions other than current market price" />
			<value enum="3"
				description="No public price for preceding order as public reference price was used for matching orders" />
			<value enum="4" description="No public price quoted as instrument is illiquid" />
			<value enum="5"
				description="No public price quoted as order is above standard market size" />
			<value enum="6" description="Deferral due to Large in Scale" />
			<value enum="7" description="Deferral due to Illiquid Instrument" />
			<value enum="8" description="oDeferral due to Size Specific" />


		</field>

		<field number="2669" name="TrdRegPublicationType" type="INT">
			<value enum="0" description="Pre-trade transparency waive" />
			<value enum="1" description="ost-trade deferralReport" />
		</field>
		<field number="2668" name="NoTrdRegPublications" type="INT" />
		<field number="1838" name="NoTradePriceConditions" type="INT" />
		<field number="7552" name="DelayToTime" type="UTCTIMESTAMP" />
		<field number="2890" name="TradeNumber" type="INT" />
		<field number="748" name="TotalNumTradeReports" type="INT" />
		<field number="2889" name="PackageID" type="STRING" />
		<field number="1430" name="VenueType" type="CHAR" >
			<value enum="B" description="Central Limit Order Book" />
			<value enum="Q" description="Quote Driven Market" />
			<value enum="D" description="Dark Order Book" />
			<value enum="O" description="O  Book" />
			<value enum="A" description="Periodic Auctions" />
			<value enum="N" description="Request for Quotes" />
			
		</field>
		

		<field number="570" name="PreviouslyReported" type="CHAR">
			<value enum="Y" description="Duplicative Trade Report" />
			<value enum="N" description="Unique Trade Report" />
		</field>
		<field number="1924" name="ClearingIntention" type="INT">
			<value enum="0" description="DO_NOT_INTEND_TO_CLEAR" />
			<value enum="1" description="INTEND_TO_CLEAR" />
		</field>

		<field number="25016" name="ClientOrderTrade" type="CHAR">
			<value enum="Y" description="YES" />
			<value enum="N" description="NO" />
		</field>

		<field number="58" name="Text" type="STRING" />

		<field number="7596" name="PxQtyReviewed" type="CHAR">
			<value enum="Y" description="YES" />
			<value enum="N" description="NO" />
		</field>
		
		<field number="25018" name="AssistedReport" type="CHAR">
			<value enum="Y" description="YES" />
			<value enum="N" description="NO" />
		</field>
	
	
		<field number="25003" name="NoPublicationRequired" type="CHAR">
			<value enum="Y" description="YES" />
			<value enum="N" description="NO" />
		</field>

		<field number="574" name="MatchType" type="STRING">
			<value enum="1" description="TRADE_REPORTING" />
			<value enum="3" description="TRADE_REPORTING" />
			<value enum="9" description="SYSTEMATIC_INTERNALISER" />
		</field>



		<field number="25002" name="OnExchangeInstr" type="INT">
			<value enum="0" description="NO_ON_EXCHANGE_REQUESTED" />
			<value enum="1" description="ON_EXCHANGE_REQUESTED" />
		</field>

		<field number="1128" name="ExemptTransactionCode" type="STRING">
			<value enum="CLC" description="CLEARING_CONTRACT" />
			<value enum="SLC" description="SETTLEMENT_CONTRACT" />
			<value enum="SFB" description="SECURITIES_FINANCING_TRANSACTION" />
			<value enum="CUC" description="CUSTODY_CONTRACT" />
			<value enum="ECB" description="EURPEAN_CENTRAL_BANK" />
			<value enum="SMO" description="SETTLEMENT_OF_MUTUAL_OBLIGATION" />
			<value enum="PAN" description="POST_TRADE_ASSIGNMENT_OR_NAVIGATION" />
			<value enum="POC" description="PORTFOLIO_COMPRESSION" />
			<value enum="CRA"
				description="CREATION_REDEMPTION_COLLECTIOVE_INVESTIMENT_ADMINISTRATION" />
			<value enum="EXE" description="EXERCISE" />
			<value enum="CON" description="CONVERSION" />
			<value enum="CER" description="CREATION_EXPIRATION_REDEMPTION_OF_INSTRUMENTS" />
			<value enum="IDD"
				description="INCREASE_DECREASE_IN_NOTIONAL_OF_A_DERIVATIVE_CONTRACT" />
			<value enum="IBC" description="INDEX_OR_BASKET_COMPOSITION_CHANGE" />
			<value enum="DRI" description="DIVIDEND_REINVESTMENTS" />
			<value enum="ESI" description="EMPLOYEE_SHARE_INCENTIVE_PLAN" />
			<value enum="ETO" description="EXCHANGE_TENDER_OFFER" />
			<value enum="MCT" description="MANAGEMENT_COMPANY_TRANSACTIONS" />
			<value enum="GIV" description="GIVE_UP_GIVE_IN" />
			<value enum="COT" description="COLLATERAL_TRANSFER" />
		</field>

		<field number="25001" name="SRRBehaviourInstr" type="INT">
			<value enum="0" description="PERSIST_WITHOU_RULE_ASSESSMENT" />
			<value enum="1" description="REVIEW_FOR_PUBLICATION" />
			<value enum="2" description="RULE_OVERRIDE_SEND_TO_APA_WHTOUT_RULE_EVALUATION" />
		</field>

		<field number="64" name="SettlDate" type="LOCALMKTDATE" />
		<field number="30" name="LastMkt" type="EXCHANGE" />
		<field number="60" name="TransactTime" type="UTCTIMESTAMP" />
		<field number="25014" name="NotionalAmount" type="AMT" />
		<field number="25015" name="NotionalCurrency" type="CURRENCY" />
		<field number="25007" name="EmissionAllowanceType" type="STRING" />
		<field number="828" name="TrdType" type="INT">
			<value enum="0" description="REGULAR_TRADE" />
			<value enum="62" description="DARK_TRADE" />
			<!-- <value enum="65" description="PACKAGE_TRADE" /> -->
			<!-- <value enum="2" description="EXCHAGE_OF_PHYSICALS" /> -->
		</field>
		<field number="1115" name="OrderCategory" type="CHAR">
			<value enum="1" description="ORDER" />
			<value enum="2" description="QUOTE" />
			<value enum="3" description="PRIVATELY_NEGOTIATED_TRADE" />
			<value enum="4" description="MULTILEG_ORDER" />
			<value enum="5" description="LINKED_ORDER" />
			<value enum="6" description="QUOTE_REQUEST" />
			<value enum="7" description="IMPLIED_ORDER" />
			<value enum="8" description="CROSS_ORDER" />
		</field>

		<field number="829" name="TrdSubType" type="INT">
			<value enum="37" description="ACTX" />
		</field>
		<field number="487" name="TradeReportTransType" type="INT">
			<value enum="0" description="NEW" />
			<value enum="1" description="CANCEL" />
			<value enum="2" description="REPLACE" />
			<value enum="3" description="RELEASE" />
			<!-- <value enum="4" description="REVERSE" />
			<value enum="5" description="CANCEL_DUE_TO_BACK_OUT_OF_TRADE" /> -->
		</field>
		<field number="855" name="SecondaryTrdType" type="INT" >
			<value enum="0" description="SUBMIT" />
		</field>
		<field number="2405" name="ExecMethod" type="INT" >
			<value enum="0" description="Unspeci ed" />
			<value enum="1" description="Manual" />
			<value enum="2" description="Automated" />
		</field>
		<field number="2667" name="AlgorithmicTradeIndicator" type="INT">
			<value enum="0" description="No algorithm was involved" />
			<value enum="1" description="algorithmic trade (ALGO)" />
		</field>
		<field number="1390" name="TradePublishIndicator" type="INT">
			<value enum="1" description="DO_NOT_PUBLISH_I" />
			<value enum="1" description="PUBLISH_IMMEDIATELY" />
			<value enum="2" description="DEFERRED_PUBLICATION" />
		</field>
		<field number="1934" name="RegulatoryReportType" type="INT">
			<value enum="11" description="LMFT" />
			<value enum="12" description="DATF" />
			<value enum="13" description="VOLO" />
			<value enum="14" description="FWAF" />
			<value enum="15" description="IDAF" />
			<value enum="16" description="VOLW" />
			<value enum="17" description="FULF" />
			<value enum="18" description="FULA" />
			<value enum="19" description="FULV" />
			<value enum="20" description="FULJ" />
			<value enum="21" description="COAF" />

		</field>
		<field number="1839" name="TradePriceCondition" type="INT">
			<value enum="0" description="Cum Dividend" />
			<value enum="2" description="Ex Dividend" />
			<value enum="13" description="Special Dividend" />
			<!-- <value enum="15" description="NPFT" /> -->
			<value enum="16" description="TNCP" />
		</field>

		<field number="2671" name="SideTradeReportingIndicator" type="INT">
			<value enum="0" description="Trade has not (yet) been reported" />
			<value enum="1"
				description="Trade has been reported by a trading venue as an on-book trade" />
			<value enum="2"
				description="Trade has been reported as a systematic internaliser seller trade" />
			<value enum="3"
				description="Trade has been reported as a systematic internaliser buyer trade" />
			<value enum="4"
				description="Trade has been reported as a non-systematic internaliser seller trades" />
			<value enum="5"
				description="Trade has been reported under a sub-delegation arrangement by an investment firm to a reporting facility" />

		</field>
		<field number="8" name="BeginString" type="STRING" />
		<field number="9" name="BodyLength" type="LENGTH" />
		<field number="35" name="MsgType" type="STRING">
			<value enum="0" description="HEARTBEAT" />
			<value enum="1" description="TEST_REQUEST" />
			<value enum="2" description="RESEND_REQUEST" />
			<value enum="3" description="REJECT" />
			<value enum="4" description="SEQUENCE_RESET" />
			<value enum="5" description="LOGOUT" />
			<value enum="6" description="INDICATION_OF_INTEREST" />
			<value enum="7" description="ADVERTISEMENT" />
			<value enum="8" description="EXECUTION_REPORT" />
			<value enum="9" description="ORDER_CANCEL_REJECT" />
			<value enum="A" description="LOGON" />
			<value enum="B" description="NEWS" />
			<value enum="C" description="EMAIL" />
			<value enum="D" description="ORDER_SINGLE" />
			<value enum="E" description="ORDER_LIST" />
			<value enum="F" description="ORDER_CANCEL_REQUEST" />
			<value enum="G" description="ORDER_CANCEL_REPLACE_REQUEST" />
			<value enum="H" description="ORDER_STATUS_REQUEST" />
			<value enum="J" description="ALLOCATION_INSTRUCTION" />
			<value enum="K" description="LIST_CANCEL_REQUEST" />
			<value enum="L" description="LIST_EXECUTE" />
			<value enum="M" description="LIST_STATUS_REQUEST" />
			<value enum="N" description="LIST_STATUS" />
			<value enum="P" description="ALLOCATION_INSTRUCTION_ACK" />
			<value enum="Q" description="DONT_KNOW_TRADE" />
			<value enum="R" description="QUOTE_REQUEST" />
			<value enum="S" description="QUOTE" />
			<value enum="T" description="SETTLEMENT_INSTRUCTIONS" />
			<value enum="V" description="MARKET_DATA_REQUEST" />
			<value enum="W" description="MARKET_DATA_SNAPSHOT_FULL_REFRESH" />
			<value enum="X" description="MARKET_DATA_INCREMENTAL_REFRESH" />
			<value enum="Y" description="MARKET_DATA_REQUEST_REJECT" />
			<value enum="Z" description="QUOTE_CANCEL" />
			<value enum="a" description="QUOTE_STATUS_REQUEST" />
			<value enum="b" description="MASS_QUOTE_ACKNOWLEDGEMENT" />
			<value enum="c" description="SECURITY_DEFINITION_REQUEST" />
			<value enum="d" description="SECURITY_DEFINITION" />
			<value enum="e" description="SECURITY_STATUS_REQUEST" />
			<value enum="f" description="SECURITY_STATUS" />
			<value enum="g" description="TRADING_SESSION_STATUS_REQUEST" />
			<value enum="h" description="TRADING_SESSION_STATUS" />
			<value enum="i" description="MASS_QUOTE" />
			<value enum="j" description="BUSINESS_MESSAGE_REJECT" />
			<value enum="k" description="BID_REQUEST" />
			<value enum="l" description="BID_RESPONSE" />
			<value enum="m" description="LIST_STRIKE_PRICE" />
			<value enum="n" description="XML_MESSAGE" />
			<value enum="o" description="REGISTRATION_INSTRUCTIONS" />
			<value enum="p" description="REGISTRATION_INSTRUCTIONS_RESPONSE" />
			<value enum="q" description="ORDER_MASS_CANCEL_REQUEST" />
			<value enum="r" description="ORDER_MASS_CANCEL_REPORT" />
			<value enum="s" description="NEW_ORDER_CROSS" />
			<value enum="t" description="CROSS_ORDER_CANCEL_REPLACE_REQUEST" />
			<value enum="u" description="CROSS_ORDER_CANCEL_REQUEST" />
			<value enum="v" description="SECURITY_TYPE_REQUEST" />
			<value enum="w" description="SECURITY_TYPES" />
			<value enum="x" description="SECURITY_LIST_REQUEST" />
			<value enum="y" description="SECURITY_LIST" />
			<value enum="z" description="DERIVATIVE_SECURITY_LIST_REQUEST" />
			<value enum="AA" description="DERIVATIVE_SECURITY_LIST" />
			<value enum="AB" description="NEW_ORDER_MULTILEG" />
			<value enum="AC" description="MULTILEG_ORDER_CANCEL_REPLACE" />
			<value enum="AD" description="TRADE_CAPTURE_REPORT_REQUEST" />
			<value enum="AE" description="TRADE_CAPTURE_REPORT" />
			<value enum="AF" description="ORDER_MASS_STATUS_REQUEST" />
			<value enum="AG" description="QUOTE_REQUEST_REJECT" />
			<value enum="AH" description="RFQ_REQUEST" />
			<value enum="AI" description="QUOTE_STATUS_REPORT" />
			<value enum="AJ" description="QUOTE_RESPONSE" />
			<value enum="AK" description="CONFIRMATION" />
			<value enum="AL" description="POSITION_MAINTENANCE_REQUEST" />
			<value enum="AM" description="POSITION_MAINTENANCE_REPORT" />
			<value enum="AN" description="REQUEST_FOR_POSITIONS" />
			<value enum="AO" description="REQUEST_FOR_POSITIONS_ACK" />
			<value enum="AP" description="POSITION_REPORT" />
			<value enum="AQ" description="TRADE_CAPTURE_REPORT_REQUEST_ACK" />
			<value enum="AR" description="TRADE_CAPTURE_REPORT_ACK" />
			<value enum="AS" description="ALLOCATION_REPORT" />
			<value enum="AT" description="ALLOCATION_REPORT_ACK" />
			<value enum="AU" description="CONFIRMATION_ACK" />
			<value enum="AV" description="SETTLEMENT_INSTRUCTION_REQUEST" />
			<value enum="AW" description="ASSIGNMENT_REPORT" />
			<value enum="AX" description="COLLATERAL_REQUEST" />
			<value enum="AY" description="COLLATERAL_ASSIGNMENT" />
			<value enum="AZ" description="COLLATERAL_RESPONSE" />
			<value enum="BA" description="COLLATERAL_REPORT" />
			<value enum="BB" description="COLLATERAL_INQUIRY" />
			<value enum="BC" description="NETWORK_STATUS_REQUEST" />
			<value enum="BD" description="NETWORK_STATUS_RESPONSE" />
			<value enum="BE" description="USER_REQUEST" />
			<value enum="BF" description="USER_RESPONSE" />
			<value enum="BG" description="COLLATERAL_INQUIRY_ACK" />
			<value enum="BH" description="CONFIRMATION_REQUEST" />
		</field>
		<field number="49" name="senderCompID" type="STRING" />
		<field number="1128" name="ApplVerID" type="STRING">
      		<value enum="0" description="FIX27"/>
      		<value enum="1" description="FIX30"/>
      		<value enum="2" description="FIX40"/>
      		<value enum="3" description="FIX41"/>
      		<value enum="4" description="FIX42"/>
      		<value enum="5" description="FIX43"/>
      		<value enum="6" description="FIX44"/>
      		<value enum="7" description="FIX50"/>
      		<value enum="8" description="FIX50SP1"/>
      		<value enum="9" description="FIX50SP2"/>
    </field>
    <field number="56" name="TargetCompID" type="STRING" />
    <field number="115" name="OnBehalfOfCompID" type="STRING"/>
    <field number="128" name="DeliverToCompID" type="STRING"/>
    <field number="34" name="MsgSeqNum" type="SEQNUM"/>
    <field number="50" name="SenderSubID" type="STRING"/>
    <field number="57" name="TargetSubID" type="STRING"/>
    <field number="116" name="OnBehalfOfSubID" type="STRING"/>
    <field number="144" name="OnBehalfOfLocationID" type="STRING"/>
    <field number="129" name="DeliverToSubID" type="STRING"/>
    <field number="145" name="DeliverToLocationID" type="STRING"/>
    <field number="43" name="PossDupFlag" type="BOOLEAN"/>
    <field number="97" name="PossResend" type="BOOLEAN"/>
    <field number="52" name="SendingTime" type="UTCTIMESTAMP"/>
    <field number="122" name="OrigSendingTime" type="UTCTIMESTAMP"/>
    <field number="369" name="LastMsgSeqNumProcessed" type="SEQNUM"/>
    <field number="93" name="SignatureLength" type="LENGTH"/>
    <field number="89" name="Signature" type="DATA"/>
    <field number="10" name="CheckSum" type="STRING"/>
    <field number="1003" name="TradeID" type="STRING"/>
    <field number="1041" name="FirmTradeID" type="STRING"/>
    <field number="25011" name="TargetAPA" type="STRING">
      		<value enum="XLON" description="LSE"/>
      		<value enum="BATE" description="BATS"/>
      		<value enum="TREU" description="TradeWeb"/>
     </field>
     <field number="22" name="SecurityIDSource" type="STRING">
      <value enum="4" description="ISIN"/>
      <value enum="5" description="RIC"/>
     <!--  <value enum="101" description="OTCD_ID"/> -->
    </field>
    <field number="48" name="SecurityID" type="STRING"/>
    <field number="470" name="CountryOfIssue" type="COUNTRY"/>
    <field number="15" name="Currency" type="CURRENCY"/>
    <field number="32" name="LastQty" type="QTY"/>
      <field number="854" name="QtyType" type="INT">
      <value enum="0" description="UNITS"/>
      <value enum="1" description="CONTRACTS"/>
      <value enum="2" description="UNITS_OF_MEASURE_PER_TIME_UNIT"/>
    </field>
    <field number="231" name="ContractMultiplier" type="FLOAT"/>
    <field number="996" name="UnitOfMeasure" type="STRING">
    <value enum="MWh" description="MEGAWATT_HOURS"/>
      <value enum="MMBtu" description="ONE_MILLION_BTU"/>
      <value enum="Bbl" description="BARRELS"/>
      <value enum="Gal" description="GALLONS"/>
      <value enum="t" description="METRIC_TONS"/>
      <value enum="tn" description="TONS"/>
      <value enum="MMbbl" description="MILLION_BARRELS"/>
      <value enum="lbs" description="POUNDS"/>
      <value enum="oz_tr" description="TROY_OUNCES"/>
      <value enum="USD" description="US_DOLLARS"/>
      <value enum="Bcf" description="BILLION_CUBIC_FEET"/>
      <value enum="Bu" description="BUSHELS"/>
    </field>
      <field number="997" name="TimeUnit" type="STRING">
      <value enum="S" description="SECOND"/>
      <value enum="Min" description="MINUTE"/>
      <value enum="H" description="HOUR"/>
      <value enum="D" description="DAY"/>
      <value enum="Wk" description="WEEK"/>
      <value enum="Mo" description="MONTH"/>
      <value enum="Yr" description="YEAR"/>
    </field>
    <field number="1147" name="UnitOfMeasureQty" type="INT"/>
    <field number="31" name="LastPx" type="PRICE"/>
     <field number="423" name="PriceType" type="INT">
      <value enum="1" description="PERCENTAGE"/>
      <value enum="10" description="FIXED_CABINET_TRADE_PRICE"/>
      <value enum="11" description="VARIABLE_CABINET_TRADE_PRICE"/>
      <value enum="2" description="PER_UNIT"/>
      <value enum="3" description="FIXED_AMOUNT"/>
      <value enum="4" description="DISCOUNT"/>
      <value enum="5" description="PREMIUM"/>
      <value enum="6" description="SPREAD"/>
      <value enum="7" description="TED_PRICE"/>
      <value enum="8" description="TED_YIELD"/>
      <value enum="9" description="YIELD"/>
      <value enum="13" description="PRODUCT_TICKS_IN_HALFS"/>
      <value enum="14" description="PRODUCT_TICKS_IN_FOURTHS"/>
      <value enum="15" description="PRODUCT_TICKS_IN_EIGHTS"/>
      <value enum="16" description="PRODUCT_TICKS_IN_SIXTEENTHS"/>
      <value enum="17" description="PRODUCT_TICKS_IN_THIRTY_SECONDS"/>
      <value enum="18" description="PRODUCT_TICKS_IN_SIXTY_FORTHS"/>
      <value enum="19" description="PRODUCT_TICKS_IN_ONE_TWENTY_EIGHTS"/>
    </field>
    <field number="552" name="noSides" type="NUMINGROUP">
			<!-- <value enum="1" description="ONE_SIDE" />
			<value enum="2" description="BOTH_SIDES" /> -->
		</field>
	<field number="54" name="side" type="CHAR">
			<value enum="1" description="BUY" />
			<value enum="2" description="SELL" />
			<value enum="8" description="CROSS" />
	</field>
	</fields>
</fix>
		
		
		