{
    "stream" : "m2post",
    "flow" : "comderv",
    "name" : "m2p0st_comderv_jurisdiction_remit_non_reportable",
    "description" : "m2post commodity jurisdiction remit non reportable",
    "value" : {
        "JURISDICTION" : "REMIT",
        "TAXONOMY_VAL1" : "Commodity:Energy:Elec:",
        "TAXONOMY_VAL2" : "Commodity:Energy:Gas:",
        "EXECUTION_VENUE" : "OTF",
        "TAXONOMY_VAL3" : ":Physical"
    },
    "metadataType" : "M2post Comodity jurisdiction remit Metadata"
}